attendance,course_id,days_ago,student_id
present,8,0,1
present,19,0,1
present,29,0,1
present,37,0,1
present,49,0,1
present,2,0,2
present,12,0,2
present,27,0,2
present,33,0,2
present,47,0,2
present,3,0,3
present,18,0,3
present,27,0,3
present,32,0,3
present,44,0,3
present,1,0,4
present,11,0,4
present,27,0,4
present,32,0,4
present,46,0,4
present,10,0,5
present,13,0,5
present,27,0,5
present,33,0,5
present,50,0,5
present,9,0,6
present,18,0,6
present,28,0,6
present,39,0,6
present,47,0,6
present,2,0,7
present,19,0,7
present,23,0,7
absent,37,0,7
tardy,47,0,7
present,10,0,8
present,18,0,8
present,21,0,8
present,36,0,8
tardy,50,0,8
tardy,7,0,9
tardy,20,0,9
present,22,0,9
present,32,0,9
present,44,0,9
present,1,0,10
present,19,0,10
present,25,0,10
present,38,0,10
present,46,0,10
present,4,0,11
present,18,0,11
present,24,0,11
present,32,0,11
present,43,0,11
present,7,0,12
tardy,20,0,12
present,27,0,12
present,38,0,12
present,50,0,12
present,7,0,13
present,20,0,13
present,27,0,13
present,35,0,13
present,41,0,13
present,9,0,14
present,14,0,14
present,22,0,14
present,37,0,14
present,43,0,14
present,6,0,15
present,16,0,15
present,22,0,15
present,31,0,15
present,46,0,15
present,3,0,16
present,15,0,16
present,30,0,16
present,31,0,16
present,42,0,16
present,1,0,17
tardy,16,0,17
tardy,22,0,17
present,37,0,17
present,42,0,17
present,6,0,18
present,14,0,18
present,28,0,18
present,32,0,18
tardy,44,0,18
present,8,0,19
present,14,0,19
present,28,0,19
present,31,0,19
present,50,0,19
present,5,0,20
present,13,0,20
present,23,0,20
present,34,0,20
present,41,0,20
present,3,0,21
present,20,0,21
present,25,0,21
present,36,0,21
present,48,0,21
present,4,0,22
present,19,0,22
present,23,0,22
present,33,0,22
present,42,0,22
present,8,0,23
present,19,0,23
present,22,0,23
present,33,0,23
present,48,0,23
present,3,0,24
present,18,0,24
present,28,0,24
present,31,0,24
absent,49,0,24
present,10,0,25
tardy,16,0,25
present,24,0,25
present,35,0,25
present,43,0,25
present,9,0,26
present,14,0,26
tardy,30,0,26
present,40,0,26
present,46,0,26
present,5,0,27
present,12,0,27
present,30,0,27
present,35,0,27
present,48,0,27
present,1,0,28
present,15,0,28
present,28,0,28
present,39,0,28
present,47,0,28
tardy,3,0,29
present,20,0,29
present,21,0,29
present,34,0,29
present,47,0,29
present,6,0,30
present,18,0,30
present,22,0,30
present,36,0,30
present,43,0,30
present,4,0,31
absent,15,0,31
present,28,0,31
present,34,0,31
present,42,0,31
present,1,0,32
present,16,0,32
present,23,0,32
present,32,0,32
present,41,0,32
present,4,0,33
present,17,0,33
present,22,0,33
present,31,0,33
present,43,0,33
present,1,0,34
present,14,0,34
present,29,0,34
present,33,0,34
present,41,0,34
absent,9,0,35
tardy,19,0,35
present,22,0,35
absent,31,0,35
present,43,0,35
present,6,0,36
present,17,0,36
present,23,0,36
present,39,0,36
present,47,0,36
absent,6,0,37
absent,18,0,37
present,25,0,37
present,32,0,37
present,49,0,37
present,9,0,38
present,16,0,38
present,29,0,38
present,31,0,38
present,42,0,38
present,9,0,39
present,16,0,39
present,21,0,39
absent,31,0,39
present,42,0,39
present,10,0,40
present,14,0,40
tardy,28,0,40
present,38,0,40
present,43,0,40
present,9,0,41
present,13,0,41
present,26,0,41
present,32,0,41
present,44,0,41
present,2,0,42
present,12,0,42
present,26,0,42
present,34,0,42
present,42,0,42
present,6,0,43
present,12,0,43
present,25,0,43
present,34,0,43
present,50,0,43
tardy,2,0,44
absent,17,0,44
present,29,0,44
present,31,0,44
present,44,0,44
present,8,0,45
present,12,0,45
present,22,0,45
tardy,34,0,45
present,49,0,45
present,4,0,46
present,19,0,46
present,28,0,46
absent,38,0,46
present,44,0,46
tardy,2,0,47
present,16,0,47
present,21,0,47
present,33,0,47
present,48,0,47
present,6,0,48
present,18,0,48
present,24,0,48
present,37,0,48
tardy,42,0,48
present,10,0,49
present,13,0,49
present,23,0,49
present,35,0,49
present,46,0,49
present,9,0,50
present,16,0,50
present,21,0,50
present,35,0,50
present,43,0,50
present,8,1,1
present,19,1,1
present,29,1,1
present,37,1,1
present,49,1,1
present,2,1,2
present,12,1,2
present,27,1,2
present,33,1,2
absent,47,1,2
present,3,1,3
present,18,1,3
present,27,1,3
present,32,1,3
present,44,1,3
present,1,1,4
present,11,1,4
absent,27,1,4
present,32,1,4
present,46,1,4
present,10,1,5
present,13,1,5
present,27,1,5
present,33,1,5
present,50,1,5
present,9,1,6
present,18,1,6
present,28,1,6
present,39,1,6
present,47,1,6
present,2,1,7
present,19,1,7
present,23,1,7
tardy,37,1,7
present,47,1,7
present,10,1,8
present,18,1,8
present,21,1,8
present,36,1,8
present,50,1,8
present,7,1,9
present,20,1,9
present,22,1,9
present,32,1,9
tardy,44,1,9
present,1,1,10
present,19,1,10
present,25,1,10
present,38,1,10
present,46,1,10
present,4,1,11
present,18,1,11
present,24,1,11
present,32,1,11
present,43,1,11
present,7,1,12
present,20,1,12
tardy,27,1,12
present,38,1,12
absent,50,1,12
present,7,1,13
present,20,1,13
present,27,1,13
present,35,1,13
present,41,1,13
present,9,1,14
present,14,1,14
present,22,1,14
present,37,1,14
present,43,1,14
present,6,1,15
present,16,1,15
tardy,22,1,15
present,31,1,15
present,46,1,15
present,3,1,16
present,15,1,16
present,30,1,16
present,31,1,16
present,42,1,16
present,1,1,17
present,16,1,17
tardy,22,1,17
present,37,1,17
tardy,42,1,17
tardy,6,1,18
tardy,14,1,18
present,28,1,18
present,32,1,18
present,44,1,18
present,8,1,19
present,14,1,19
tardy,28,1,19
present,31,1,19
present,50,1,19
present,5,1,20
present,13,1,20
present,23,1,20
present,34,1,20
present,41,1,20
tardy,3,1,21
present,20,1,21
present,25,1,21
tardy,36,1,21
present,48,1,21
present,4,1,22
present,19,1,22
present,23,1,22
present,33,1,22
present,42,1,22
tardy,8,1,23
present,19,1,23
present,22,1,23
present,33,1,23
present,48,1,23
present,3,1,24
present,18,1,24
present,28,1,24
present,31,1,24
present,49,1,24
present,10,1,25
present,16,1,25
present,24,1,25
present,35,1,25
present,43,1,25
present,9,1,26
tardy,14,1,26
present,30,1,26
present,40,1,26
present,46,1,26
present,5,1,27
tardy,12,1,27
present,30,1,27
present,35,1,27
present,48,1,27
present,1,1,28
tardy,15,1,28
present,28,1,28
present,39,1,28
present,47,1,28
present,3,1,29
present,20,1,29
present,21,1,29
present,34,1,29
absent,47,1,29
present,6,1,30
present,18,1,30
present,22,1,30
present,36,1,30
present,43,1,30
present,4,1,31
present,15,1,31
present,28,1,31
present,34,1,31
present,42,1,31
present,1,1,32
present,16,1,32
tardy,23,1,32
present,32,1,32
tardy,41,1,32
present,4,1,33
present,17,1,33
present,22,1,33
present,31,1,33
present,43,1,33
present,1,1,34
present,14,1,34
present,29,1,34
present,33,1,34
present,41,1,34
present,9,1,35
tardy,19,1,35
present,22,1,35
present,31,1,35
present,43,1,35
present,6,1,36
present,17,1,36
present,23,1,36
present,39,1,36
present,47,1,36
present,6,1,37
present,18,1,37
present,25,1,37
present,32,1,37
present,49,1,37
present,9,1,38
present,16,1,38
present,29,1,38
present,31,1,38
present,42,1,38
present,9,1,39
present,16,1,39
present,21,1,39
present,31,1,39
present,42,1,39
present,10,1,40
present,14,1,40
present,28,1,40
tardy,38,1,40
present,43,1,40
present,9,1,41
present,13,1,41
present,26,1,41
present,32,1,41
present,44,1,41
present,2,1,42
absent,12,1,42
present,26,1,42
present,34,1,42
present,42,1,42
present,6,1,43
present,12,1,43
absent,25,1,43
present,34,1,43
present,50,1,43
present,2,1,44
present,17,1,44
present,29,1,44
present,31,1,44
present,44,1,44
present,8,1,45
present,12,1,45
tardy,22,1,45
present,34,1,45
present,49,1,45
present,4,1,46
present,19,1,46
present,28,1,46
tardy,38,1,46
present,44,1,46
present,2,1,47
present,16,1,47
absent,21,1,47
present,33,1,47
present,48,1,47
tardy,6,1,48
present,18,1,48
present,24,1,48
present,37,1,48
tardy,42,1,48
absent,10,1,49
tardy,13,1,49
present,23,1,49
present,35,1,49
present,46,1,49
present,9,1,50
present,16,1,50
present,21,1,50
present,35,1,50
present,43,1,50
present,8,2,1
present,19,2,1
present,29,2,1
present,37,2,1
tardy,49,2,1
absent,2,2,2
present,12,2,2
absent,27,2,2
present,33,2,2
present,47,2,2
present,3,2,3
present,18,2,3
present,27,2,3
present,32,2,3
present,44,2,3
absent,1,2,4
present,11,2,4
present,27,2,4
present,32,2,4
present,46,2,4
present,10,2,5
present,13,2,5
present,27,2,5
present,33,2,5
present,50,2,5
present,9,2,6
present,18,2,6
present,28,2,6
present,39,2,6
absent,47,2,6
present,2,2,7
present,19,2,7
absent,23,2,7
tardy,37,2,7
present,47,2,7
present,10,2,8
present,18,2,8
present,21,2,8
present,36,2,8
present,50,2,8
tardy,7,2,9
present,20,2,9
present,22,2,9
present,32,2,9
present,44,2,9
present,1,2,10
present,19,2,10
present,25,2,10
present,38,2,10
present,46,2,10
present,4,2,11
present,18,2,11
present,24,2,11
present,32,2,11
present,43,2,11
present,7,2,12
present,20,2,12
present,27,2,12
present,38,2,12
present,50,2,12
present,7,2,13
present,20,2,13
present,27,2,13
present,35,2,13
present,41,2,13
present,9,2,14
present,14,2,14
present,22,2,14
present,37,2,14
present,43,2,14
present,6,2,15
tardy,16,2,15
present,22,2,15
absent,31,2,15
present,46,2,15
present,3,2,16
present,15,2,16
present,30,2,16
present,31,2,16
present,42,2,16
present,1,2,17
present,16,2,17
present,22,2,17
present,37,2,17
present,42,2,17
absent,6,2,18
present,14,2,18
present,28,2,18
present,32,2,18
present,44,2,18
present,8,2,19
present,14,2,19
present,28,2,19
present,31,2,19
present,50,2,19
present,5,2,20
present,13,2,20
present,23,2,20
present,34,2,20
present,41,2,20
present,3,2,21
present,20,2,21
present,25,2,21
present,36,2,21
present,48,2,21
present,4,2,22
present,19,2,22
present,23,2,22
present,33,2,22
present,42,2,22
present,8,2,23
present,19,2,23
present,22,2,23
absent,33,2,23
present,48,2,23
present,3,2,24
tardy,18,2,24
present,28,2,24
tardy,31,2,24
present,49,2,24
present,10,2,25
absent,16,2,25
present,24,2,25
present,35,2,25
present,43,2,25
present,9,2,26
tardy,14,2,26
absent,30,2,26
present,40,2,26
present,46,2,26
present,5,2,27
present,12,2,27
tardy,30,2,27
tardy,35,2,27
tardy,48,2,27
present,1,2,28
present,15,2,28
present,28,2,28
present,39,2,28
present,47,2,28
present,3,2,29
present,20,2,29
present,21,2,29
absent,34,2,29
present,47,2,29
present,6,2,30
present,18,2,30
present,22,2,30
present,36,2,30
present,43,2,30
present,4,2,31
present,15,2,31
present,28,2,31
present,34,2,31
present,42,2,31
present,1,2,32
present,16,2,32
present,23,2,32
present,32,2,32
present,41,2,32
present,4,2,33
present,17,2,33
present,22,2,33
present,31,2,33
present,43,2,33
present,1,2,34
present,14,2,34
present,29,2,34
present,33,2,34
present,41,2,34
present,9,2,35
present,19,2,35
present,22,2,35
tardy,31,2,35
tardy,43,2,35
present,6,2,36
present,17,2,36
present,23,2,36
present,39,2,36
present,47,2,36
present,6,2,37
absent,18,2,37
absent,25,2,37
absent,32,2,37
present,49,2,37
present,9,2,38
present,16,2,38
present,29,2,38
present,31,2,38
present,42,2,38
present,9,2,39
absent,16,2,39
present,21,2,39
present,31,2,39
present,42,2,39
present,10,2,40
absent,14,2,40
present,28,2,40
absent,38,2,40
present,43,2,40
present,9,2,41
present,13,2,41
present,26,2,41
present,32,2,41
present,44,2,41
absent,2,2,42
present,12,2,42
present,26,2,42
present,34,2,42
present,42,2,42
present,6,2,43
present,12,2,43
present,25,2,43
tardy,34,2,43
present,50,2,43
present,2,2,44
present,17,2,44
present,29,2,44
present,31,2,44
present,44,2,44
present,8,2,45
present,12,2,45
absent,22,2,45
present,34,2,45
present,49,2,45
tardy,4,2,46
present,19,2,46
tardy,28,2,46
present,38,2,46
present,44,2,46
present,2,2,47
absent,16,2,47
present,21,2,47
present,33,2,47
absent,48,2,47
present,6,2,48
present,18,2,48
present,24,2,48
present,37,2,48
present,42,2,48
present,10,2,49
present,13,2,49
present,23,2,49
present,35,2,49
tardy,46,2,49
present,9,2,50
present,16,2,50
present,21,2,50
present,35,2,50
present,43,2,50
present,8,3,1
present,19,3,1
present,29,3,1
present,37,3,1
present,49,3,1
present,2,3,2
present,12,3,2
present,27,3,2
present,33,3,2
present,47,3,2
present,3,3,3
present,18,3,3
present,27,3,3
present,32,3,3
present,44,3,3
absent,1,3,4
present,11,3,4
present,27,3,4
present,32,3,4
present,46,3,4
present,10,3,5
absent,13,3,5
present,27,3,5
present,33,3,5
present,50,3,5
present,9,3,6
present,18,3,6
present,28,3,6
present,39,3,6
present,47,3,6
present,2,3,7
present,19,3,7
present,23,3,7
absent,37,3,7
present,47,3,7
present,10,3,8
present,18,3,8
present,21,3,8
present,36,3,8
present,50,3,8
present,7,3,9
present,20,3,9
present,22,3,9
present,32,3,9
present,44,3,9
present,1,3,10
present,19,3,10
tardy,25,3,10
present,38,3,10
present,46,3,10
present,4,3,11
present,18,3,11
present,24,3,11
present,32,3,11
present,43,3,11
present,7,3,12
present,20,3,12
present,27,3,12
present,38,3,12
present,50,3,12
present,7,3,13
present,20,3,13
present,27,3,13
present,35,3,13
present,41,3,13
present,9,3,14
present,14,3,14
present,22,3,14
present,37,3,14
present,43,3,14
present,6,3,15
present,16,3,15
present,22,3,15
present,31,3,15
present,46,3,15
present,3,3,16
present,15,3,16
present,30,3,16
present,31,3,16
present,42,3,16
present,1,3,17
present,16,3,17
present,22,3,17
present,37,3,17
absent,42,3,17
present,6,3,18
present,14,3,18
present,28,3,18
absent,32,3,18
present,44,3,18
present,8,3,19
present,14,3,19
present,28,3,19
present,31,3,19
present,50,3,19
present,5,3,20
present,13,3,20
present,23,3,20
tardy,34,3,20
present,41,3,20
present,3,3,21
present,20,3,21
tardy,25,3,21
tardy,36,3,21
present,48,3,21
present,4,3,22
absent,19,3,22
present,23,3,22
absent,33,3,22
present,42,3,22
present,8,3,23
present,19,3,23
present,22,3,23
present,33,3,23
present,48,3,23
present,3,3,24
present,18,3,24
present,28,3,24
present,31,3,24
present,49,3,24
present,10,3,25
absent,16,3,25
present,24,3,25
present,35,3,25
present,43,3,25
tardy,9,3,26
present,14,3,26
absent,30,3,26
tardy,40,3,26
present,46,3,26
present,5,3,27
present,12,3,27
present,30,3,27
tardy,35,3,27
present,48,3,27
present,1,3,28
present,15,3,28
present,28,3,28
present,39,3,28
present,47,3,28
present,3,3,29
absent,20,3,29
present,21,3,29
present,34,3,29
absent,47,3,29
present,6,3,30
present,18,3,30
present,22,3,30
present,36,3,30
present,43,3,30
present,4,3,31
present,15,3,31
present,28,3,31
present,34,3,31
tardy,42,3,31
present,1,3,32
present,16,3,32
present,23,3,32
present,32,3,32
present,41,3,32
present,4,3,33
present,17,3,33
present,22,3,33
present,31,3,33
present,43,3,33
present,1,3,34
present,14,3,34
present,29,3,34
present,33,3,34
present,41,3,34
absent,9,3,35
present,19,3,35
present,22,3,35
present,31,3,35
present,43,3,35
present,6,3,36
present,17,3,36
present,23,3,36
present,39,3,36
tardy,47,3,36
present,6,3,37
present,18,3,37
present,25,3,37
present,32,3,37
present,49,3,37
present,9,3,38
present,16,3,38
present,29,3,38
present,31,3,38
present,42,3,38
tardy,9,3,39
present,16,3,39
absent,21,3,39
tardy,31,3,39
present,42,3,39
present,10,3,40
present,14,3,40
tardy,28,3,40
present,38,3,40
present,43,3,40
present,9,3,41
present,13,3,41
present,26,3,41
tardy,32,3,41
present,44,3,41
present,2,3,42
present,12,3,42
present,26,3,42
present,34,3,42
present,42,3,42
absent,6,3,43
present,12,3,43
tardy,25,3,43
present,34,3,43
present,50,3,43
present,2,3,44
tardy,17,3,44
absent,29,3,44
present,31,3,44
present,44,3,44
present,8,3,45
present,12,3,45
present,22,3,45
present,34,3,45
present,49,3,45
present,4,3,46
present,19,3,46
present,28,3,46
present,38,3,46
present,44,3,46
present,2,3,47
present,16,3,47
present,21,3,47
absent,33,3,47
present,48,3,47
tardy,6,3,48
present,18,3,48
present,24,3,48
present,37,3,48
present,42,3,48
present,10,3,49
tardy,13,3,49
present,23,3,49
present,35,3,49
present,46,3,49
present,9,3,50
absent,16,3,50
present,21,3,50
present,35,3,50
present,43,3,50
present,8,4,1
tardy,19,4,1
present,29,4,1
present,37,4,1
present,49,4,1
present,2,4,2
present,12,4,2
present,27,4,2
present,33,4,2
present,47,4,2
present,3,4,3
present,18,4,3
present,27,4,3
present,32,4,3
present,44,4,3
present,1,4,4
present,11,4,4
present,27,4,4
present,32,4,4
tardy,46,4,4
tardy,10,4,5
present,13,4,5
present,27,4,5
present,33,4,5
present,50,4,5
present,9,4,6
present,18,4,6
present,28,4,6
present,39,4,6
present,47,4,6
present,2,4,7
present,19,4,7
tardy,23,4,7
present,37,4,7
present,47,4,7
present,10,4,8
present,18,4,8
present,21,4,8
present,36,4,8
present,50,4,8
present,7,4,9
present,20,4,9
tardy,22,4,9
present,32,4,9
present,44,4,9
present,1,4,10
present,19,4,10
present,25,4,10
tardy,38,4,10
present,46,4,10
present,4,4,11
present,18,4,11
present,24,4,11
present,32,4,11
present,43,4,11
present,7,4,12
present,20,4,12
tardy,27,4,12
present,38,4,12
present,50,4,12
present,7,4,13
present,20,4,13
present,27,4,13
present,35,4,13
present,41,4,13
present,9,4,14
present,14,4,14
present,22,4,14
present,37,4,14
present,43,4,14
present,6,4,15
present,16,4,15
absent,22,4,15
present,31,4,15
present,46,4,15
present,3,4,16
present,15,4,16
present,30,4,16
present,31,4,16
present,42,4,16
present,1,4,17
present,16,4,17
absent,22,4,17
present,37,4,17
present,42,4,17
present,6,4,18
present,14,4,18
tardy,28,4,18
present,32,4,18
present,44,4,18
present,8,4,19
present,14,4,19
present,28,4,19
present,31,4,19
present,50,4,19
present,5,4,20
present,13,4,20
present,23,4,20
present,34,4,20
present,41,4,20
present,3,4,21
present,20,4,21
absent,25,4,21
present,36,4,21
present,48,4,21
present,4,4,22
absent,19,4,22
present,23,4,22
present,33,4,22
present,42,4,22
present,8,4,23
present,19,4,23
absent,22,4,23
present,33,4,23
present,48,4,23
present,3,4,24
present,18,4,24
present,28,4,24
present,31,4,24
present,49,4,24
tardy,10,4,25
present,16,4,25
tardy,24,4,25
present,35,4,25
present,43,4,25
present,9,4,26
tardy,14,4,26
present,30,4,26
tardy,40,4,26
absent,46,4,26
present,5,4,27
present,12,4,27
present,30,4,27
present,35,4,27
present,48,4,27
present,1,4,28
present,15,4,28
present,28,4,28
present,39,4,28
present,47,4,28
tardy,3,4,29
present,20,4,29
present,21,4,29
tardy,34,4,29
present,47,4,29
absent,6,4,30
present,18,4,30
present,22,4,30
present,36,4,30
present,43,4,30
present,4,4,31
present,15,4,31
present,28,4,31
present,34,4,31
present,42,4,31
tardy,1,4,32
tardy,16,4,32
present,23,4,32
present,32,4,32
present,41,4,32
tardy,4,4,33
tardy,17,4,33
present,22,4,33
present,31,4,33
absent,43,4,33
present,1,4,34
present,14,4,34
present,29,4,34
present,33,4,34
present,41,4,34
tardy,9,4,35
present,19,4,35
present,22,4,35
tardy,31,4,35
tardy,43,4,35
present,6,4,36
present,17,4,36
present,23,4,36
present,39,4,36
present,47,4,36
present,6,4,37
present,18,4,37
present,25,4,37
present,32,4,37
present,49,4,37
present,9,4,38
present,16,4,38
present,29,4,38
present,31,4,38
present,42,4,38
present,9,4,39
present,16,4,39
tardy,21,4,39
present,31,4,39
present,42,4,39
present,10,4,40
present,14,4,40
present,28,4,40
present,38,4,40
tardy,43,4,40
present,9,4,41
present,13,4,41
present,26,4,41
present,32,4,41
present,44,4,41
present,2,4,42
present,12,4,42
present,26,4,42
present,34,4,42
present,42,4,42
tardy,6,4,43
present,12,4,43
present,25,4,43
tardy,34,4,43
tardy,50,4,43
present,2,4,44
present,17,4,44
present,29,4,44
present,31,4,44
absent,44,4,44
present,8,4,45
absent,12,4,45
present,22,4,45
present,34,4,45
present,49,4,45
present,4,4,46
present,19,4,46
present,28,4,46
present,38,4,46
present,44,4,46
present,2,4,47
absent,16,4,47
present,21,4,47
present,33,4,47
present,48,4,47
present,6,4,48
tardy,18,4,48
present,24,4,48
tardy,37,4,48
present,42,4,48
present,10,4,49
present,13,4,49
present,23,4,49
present,35,4,49
present,46,4,49
present,9,4,50
present,16,4,50
present,21,4,50
present,35,4,50
present,43,4,50
present,8,5,1
present,19,5,1
present,29,5,1
present,37,5,1
present,49,5,1
present,2,5,2
present,12,5,2
present,27,5,2
present,33,5,2
present,47,5,2
present,3,5,3
present,18,5,3
present,27,5,3
present,32,5,3
present,44,5,3
absent,1,5,4
present,11,5,4
absent,27,5,4
present,32,5,4
tardy,46,5,4
present,10,5,5
present,13,5,5
present,27,5,5
present,33,5,5
present,50,5,5
present,9,5,6
present,18,5,6
absent,28,5,6
present,39,5,6
present,47,5,6
present,2,5,7
present,19,5,7
present,23,5,7
present,37,5,7
present,47,5,7
tardy,10,5,8
present,18,5,8
present,21,5,8
present,36,5,8
present,50,5,8
tardy,7,5,9
present,20,5,9
present,22,5,9
present,32,5,9
present,44,5,9
present,1,5,10
present,19,5,10
present,25,5,10
present,38,5,10
present,46,5,10
present,4,5,11
present,18,5,11
present,24,5,11
present,32,5,11
present,43,5,11
present,7,5,12
present,20,5,12
present,27,5,12
present,38,5,12
present,50,5,12
tardy,7,5,13
present,20,5,13
present,27,5,13
present,35,5,13
present,41,5,13
present,9,5,14
present,14,5,14
present,22,5,14
tardy,37,5,14
present,43,5,14
tardy,6,5,15
present,16,5,15
present,22,5,15
present,31,5,15
present,46,5,15
present,3,5,16
present,15,5,16
present,30,5,16
present,31,5,16
present,42,5,16
present,1,5,17
present,16,5,17
present,22,5,17
present,37,5,17
present,42,5,17
present,6,5,18
present,14,5,18
present,28,5,18
present,32,5,18
present,44,5,18
present,8,5,19
present,14,5,19
present,28,5,19
present,31,5,19
present,50,5,19
absent,5,5,20
present,13,5,20
absent,23,5,20
tardy,34,5,20
present,41,5,20
present,3,5,21
absent,20,5,21
present,25,5,21
absent,36,5,21
present,48,5,21
present,4,5,22
present,19,5,22
present,23,5,22
present,33,5,22
present,42,5,22
present,8,5,23
present,19,5,23
present,22,5,23
present,33,5,23
present,48,5,23
present,3,5,24
present,18,5,24
present,28,5,24
present,31,5,24
present,49,5,24
tardy,10,5,25
present,16,5,25
present,24,5,25
present,35,5,25
present,43,5,25
present,9,5,26
present,14,5,26
present,30,5,26
present,40,5,26
present,46,5,26
present,5,5,27
present,12,5,27
present,30,5,27
present,35,5,27
present,48,5,27
present,1,5,28
present,15,5,28
tardy,28,5,28
present,39,5,28
present,47,5,28
present,3,5,29
present,20,5,29
tardy,21,5,29
present,34,5,29
present,47,5,29
present,6,5,30
present,18,5,30
present,22,5,30
present,36,5,30
present,43,5,30
absent,4,5,31
present,15,5,31
absent,28,5,31
present,34,5,31
present,42,5,31
present,1,5,32
absent,16,5,32
tardy,23,5,32
present,32,5,32
present,41,5,32
present,4,5,33
present,17,5,33
present,22,5,33
present,31,5,33
present,43,5,33
present,1,5,34
present,14,5,34
present,29,5,34
present,33,5,34
present,41,5,34
present,9,5,35
present,19,5,35
present,22,5,35
absent,31,5,35
present,43,5,35
present,6,5,36
present,17,5,36
present,23,5,36
present,39,5,36
present,47,5,36
absent,6,5,37
present,18,5,37
present,25,5,37
present,32,5,37
present,49,5,37
present,9,5,38
present,16,5,38
present,29,5,38
present,31,5,38
present,42,5,38
present,9,5,39
present,16,5,39
present,21,5,39
present,31,5,39
present,42,5,39
present,10,5,40
present,14,5,40
present,28,5,40
present,38,5,40
present,43,5,40
present,9,5,41
present,13,5,41
present,26,5,41
present,32,5,41
present,44,5,41
present,2,5,42
present,12,5,42
absent,26,5,42
present,34,5,42
present,42,5,42
tardy,6,5,43
present,12,5,43
present,25,5,43
present,34,5,43
present,50,5,43
present,2,5,44
present,17,5,44
tardy,29,5,44
present,31,5,44
absent,44,5,44
present,8,5,45
present,12,5,45
present,22,5,45
present,34,5,45
present,49,5,45
absent,4,5,46
present,19,5,46
present,28,5,46
present,38,5,46
present,44,5,46
present,2,5,47
present,16,5,47
present,21,5,47
present,33,5,47
present,48,5,47
present,6,5,48
present,18,5,48
present,24,5,48
tardy,37,5,48
present,42,5,48
present,10,5,49
present,13,5,49
present,23,5,49
present,35,5,49
present,46,5,49
present,9,5,50
present,16,5,50
present,21,5,50
present,35,5,50
present,43,5,50
absent,8,6,1
present,19,6,1
present,29,6,1
present,37,6,1
present,49,6,1
present,2,6,2
present,12,6,2
present,27,6,2
present,33,6,2
absent,47,6,2
absent,3,6,3
present,18,6,3
present,27,6,3
present,32,6,3
present,44,6,3
present,1,6,4
present,11,6,4
present,27,6,4
absent,32,6,4
present,46,6,4
present,10,6,5
present,13,6,5
present,27,6,5
present,33,6,5
present,50,6,5
present,9,6,6
present,18,6,6
present,28,6,6
present,39,6,6
present,47,6,6
present,2,6,7
present,19,6,7
present,23,6,7
present,37,6,7
tardy,47,6,7
present,10,6,8
present,18,6,8
present,21,6,8
present,36,6,8
present,50,6,8
present,7,6,9
present,20,6,9
present,22,6,9
tardy,32,6,9
present,44,6,9
present,1,6,10
present,19,6,10
present,25,6,10
present,38,6,10
present,46,6,10
present,4,6,11
present,18,6,11
present,24,6,11
present,32,6,11
present,43,6,11
present,7,6,12
present,20,6,12
absent,27,6,12
present,38,6,12
present,50,6,12
tardy,7,6,13
present,20,6,13
present,27,6,13
present,35,6,13
present,41,6,13
present,9,6,14
present,14,6,14
present,22,6,14
present,37,6,14
present,43,6,14
present,6,6,15
present,16,6,15
present,22,6,15
present,31,6,15
present,46,6,15
present,3,6,16
present,15,6,16
present,30,6,16
present,31,6,16
present,42,6,16
absent,1,6,17
present,16,6,17
present,22,6,17
present,37,6,17
present,42,6,17
present,6,6,18
present,14,6,18
present,28,6,18
present,32,6,18
present,44,6,18
present,8,6,19
present,14,6,19
present,28,6,19
present,31,6,19
present,50,6,19
present,5,6,20
absent,13,6,20
present,23,6,20
present,34,6,20
present,41,6,20
present,3,6,21
present,20,6,21
present,25,6,21
present,36,6,21
present,48,6,21
present,4,6,22
present,19,6,22
present,23,6,22
tardy,33,6,22
present,42,6,22
present,8,6,23
tardy,19,6,23
present,22,6,23
present,33,6,23
present,48,6,23
present,3,6,24
present,18,6,24
absent,28,6,24
present,31,6,24
tardy,49,6,24
tardy,10,6,25
present,16,6,25
present,24,6,25
present,35,6,25
present,43,6,25
present,9,6,26
tardy,14,6,26
present,30,6,26
present,40,6,26
present,46,6,26
present,5,6,27
present,12,6,27
present,30,6,27
present,35,6,27
present,48,6,27
present,1,6,28
present,15,6,28
present,28,6,28
present,39,6,28
present,47,6,28
tardy,3,6,29
present,20,6,29
present,21,6,29
present,34,6,29
present,47,6,29
present,6,6,30
present,18,6,30
present,22,6,30
present,36,6,30
present,43,6,30
present,4,6,31
absent,15,6,31
present,28,6,31
absent,34,6,31
present,42,6,31
present,1,6,32
present,16,6,32
present,23,6,32
present,32,6,32
present,41,6,32
present,4,6,33
present,17,6,33
present,22,6,33
present,31,6,33
present,43,6,33
present,1,6,34
absent,14,6,34
present,29,6,34
present,33,6,34
present,41,6,34
present,9,6,35
present,19,6,35
present,22,6,35
present,31,6,35
present,43,6,35
present,6,6,36
present,17,6,36
present,23,6,36
present,39,6,36
present,47,6,36
present,6,6,37
present,18,6,37
tardy,25,6,37
present,32,6,37
present,49,6,37
present,9,6,38
present,16,6,38
present,29,6,38
present,31,6,38
present,42,6,38
present,9,6,39
present,16,6,39
tardy,21,6,39
present,31,6,39
present,42,6,39
absent,10,6,40
present,14,6,40
tardy,28,6,40
present,38,6,40
present,43,6,40
present,9,6,41
present,13,6,41
present,26,6,41
present,32,6,41
present,44,6,41
present,2,6,42
present,12,6,42
present,26,6,42
present,34,6,42
present,42,6,42
present,6,6,43
tardy,12,6,43
present,25,6,43
present,34,6,43
present,50,6,43
present,2,6,44
tardy,17,6,44
tardy,29,6,44
tardy,31,6,44
present,44,6,44
present,8,6,45
present,12,6,45
present,22,6,45
present,34,6,45
present,49,6,45
present,4,6,46
present,19,6,46
present,28,6,46
present,38,6,46
present,44,6,46
present,2,6,47
present,16,6,47
present,21,6,47
present,33,6,47
present,48,6,47
present,6,6,48
present,18,6,48
present,24,6,48
present,37,6,48
tardy,42,6,48
present,10,6,49
present,13,6,49
tardy,23,6,49
present,35,6,49
tardy,46,6,49
present,9,6,50
present,16,6,50
present,21,6,50
present,35,6,50
present,43,6,50
tardy,8,7,1
present,19,7,1
present,29,7,1
present,37,7,1
present,49,7,1
present,2,7,2
present,12,7,2
present,27,7,2
present,33,7,2
present,47,7,2
present,3,7,3
present,18,7,3
present,27,7,3
absent,32,7,3
present,44,7,3
present,1,7,4
tardy,11,7,4
present,27,7,4
present,32,7,4
present,46,7,4
present,10,7,5
present,13,7,5
present,27,7,5
present,33,7,5
present,50,7,5
present,9,7,6
present,18,7,6
present,28,7,6
present,39,7,6
present,47,7,6
present,2,7,7
present,19,7,7
absent,23,7,7
present,37,7,7
present,47,7,7
present,10,7,8
present,18,7,8
present,21,7,8
tardy,36,7,8
present,50,7,8
present,7,7,9
present,20,7,9
present,22,7,9
present,32,7,9
present,44,7,9
present,1,7,10
present,19,7,10
present,25,7,10
present,38,7,10
present,46,7,10
present,4,7,11
present,18,7,11
present,24,7,11
present,32,7,11
present,43,7,11
tardy,7,7,12
present,20,7,12
present,27,7,12
present,38,7,12
present,50,7,12
tardy,7,7,13
present,20,7,13
present,27,7,13
present,35,7,13
present,41,7,13
present,9,7,14
present,14,7,14
present,22,7,14
present,37,7,14
present,43,7,14
present,6,7,15
present,16,7,15
absent,22,7,15
present,31,7,15
absent,46,7,15
present,3,7,16
present,15,7,16
present,30,7,16
present,31,7,16
present,42,7,16
present,1,7,17
present,16,7,17
present,22,7,17
present,37,7,17
present,42,7,17
present,6,7,18
present,14,7,18
absent,28,7,18
present,32,7,18
tardy,44,7,18
present,8,7,19
present,14,7,19
present,28,7,19
present,31,7,19
present,50,7,19
tardy,5,7,20
present,13,7,20
present,23,7,20
present,34,7,20
tardy,41,7,20
present,3,7,21
present,20,7,21
present,25,7,21
present,36,7,21
absent,48,7,21
present,4,7,22
absent,19,7,22
present,23,7,22
present,33,7,22
present,42,7,22
present,8,7,23
present,19,7,23
present,22,7,23
present,33,7,23
present,48,7,23
present,3,7,24
present,18,7,24
present,28,7,24
present,31,7,24
present,49,7,24
tardy,10,7,25
present,16,7,25
present,24,7,25
present,35,7,25
tardy,43,7,25
present,9,7,26
present,14,7,26
present,30,7,26
present,40,7,26
tardy,46,7,26
tardy,5,7,27
present,12,7,27
present,30,7,27
present,35,7,27
present,48,7,27
present,1,7,28
present,15,7,28
present,28,7,28
present,39,7,28
present,47,7,28
present,3,7,29
absent,20,7,29
present,21,7,29
present,34,7,29
present,47,7,29
present,6,7,30
present,18,7,30
present,22,7,30
present,36,7,30
present,43,7,30
present,4,7,31
present,15,7,31
present,28,7,31
present,34,7,31
present,42,7,31
tardy,1,7,32
present,16,7,32
present,23,7,32
present,32,7,32
present,41,7,32
present,4,7,33
tardy,17,7,33
absent,22,7,33
present,31,7,33
present,43,7,33
present,1,7,34
absent,14,7,34
present,29,7,34
present,33,7,34
present,41,7,34
absent,9,7,35
present,19,7,35
present,22,7,35
tardy,31,7,35
present,43,7,35
present,6,7,36
present,17,7,36
tardy,23,7,36
present,39,7,36
present,47,7,36
present,6,7,37
present,18,7,37
present,25,7,37
absent,32,7,37
absent,49,7,37
present,9,7,38
present,16,7,38
present,29,7,38
present,31,7,38
present,42,7,38
absent,9,7,39
present,16,7,39
present,21,7,39
present,31,7,39
present,42,7,39
absent,10,7,40
present,14,7,40
tardy,28,7,40
present,38,7,40
present,43,7,40
present,9,7,41
present,13,7,41
present,26,7,41
present,32,7,41
present,44,7,41
present,2,7,42
present,12,7,42
present,26,7,42
present,34,7,42
present,42,7,42
present,6,7,43
tardy,12,7,43
present,25,7,43
tardy,34,7,43
present,50,7,43
present,2,7,44
present,17,7,44
tardy,29,7,44
present,31,7,44
present,44,7,44
present,8,7,45
present,12,7,45
present,22,7,45
present,34,7,45
present,49,7,45
present,4,7,46
tardy,19,7,46
present,28,7,46
present,38,7,46
absent,44,7,46
present,2,7,47
present,16,7,47
present,21,7,47
present,33,7,47
present,48,7,47
present,6,7,48
present,18,7,48
present,24,7,48
present,37,7,48
present,42,7,48
present,10,7,49
present,13,7,49
present,23,7,49
tardy,35,7,49
absent,46,7,49
present,9,7,50
present,16,7,50
present,21,7,50
present,35,7,50
present,43,7,50
tardy,8,8,1
absent,19,8,1
present,29,8,1
present,37,8,1
present,49,8,1
present,2,8,2
present,12,8,2
present,27,8,2
present,33,8,2
present,47,8,2
present,3,8,3
present,18,8,3
present,27,8,3
present,32,8,3
present,44,8,3
present,1,8,4
present,11,8,4
present,27,8,4
absent,32,8,4
tardy,46,8,4
present,10,8,5
present,13,8,5
present,27,8,5
present,33,8,5
present,50,8,5
present,9,8,6
present,18,8,6
present,28,8,6
present,39,8,6
present,47,8,6
present,2,8,7
present,19,8,7
present,23,8,7
present,37,8,7
present,47,8,7
present,10,8,8
present,18,8,8
present,21,8,8
present,36,8,8
present,50,8,8
present,7,8,9
present,20,8,9
present,22,8,9
present,32,8,9
present,44,8,9
present,1,8,10
present,19,8,10
present,25,8,10
present,38,8,10
present,46,8,10
tardy,4,8,11
present,18,8,11
tardy,24,8,11
present,32,8,11
present,43,8,11
present,7,8,12
present,20,8,12
present,27,8,12
present,38,8,12
present,50,8,12
present,7,8,13
present,20,8,13
present,27,8,13
present,35,8,13
tardy,41,8,13
present,9,8,14
present,14,8,14
present,22,8,14
present,37,8,14
present,43,8,14
present,6,8,15
tardy,16,8,15
present,22,8,15
present,31,8,15
present,46,8,15
present,3,8,16
present,15,8,16
present,30,8,16
present,31,8,16
present,42,8,16
tardy,1,8,17
present,16,8,17
present,22,8,17
present,37,8,17
present,42,8,17
present,6,8,18
present,14,8,18
present,28,8,18
present,32,8,18
present,44,8,18
present,8,8,19
present,14,8,19
present,28,8,19
present,31,8,19
present,50,8,19
present,5,8,20
present,13,8,20
present,23,8,20
present,34,8,20
present,41,8,20
present,3,8,21
present,20,8,21
present,25,8,21
present,36,8,21
present,48,8,21
present,4,8,22
present,19,8,22
present,23,8,22
present,33,8,22
present,42,8,22
present,8,8,23
present,19,8,23
present,22,8,23
present,33,8,23
tardy,48,8,23
present,3,8,24
present,18,8,24
present,28,8,24
present,31,8,24
present,49,8,24
present,10,8,25
present,16,8,25
tardy,24,8,25
present,35,8,25
present,43,8,25
present,9,8,26
present,14,8,26
present,30,8,26
tardy,40,8,26
present,46,8,26
present,5,8,27
present,12,8,27
present,30,8,27
present,35,8,27
present,48,8,27
present,1,8,28
present,15,8,28
present,28,8,28
present,39,8,28
present,47,8,28
present,3,8,29
absent,20,8,29
present,21,8,29
present,34,8,29
tardy,47,8,29
present,6,8,30
present,18,8,30
present,22,8,30
present,36,8,30
present,43,8,30
present,4,8,31
present,15,8,31
present,28,8,31
present,34,8,31
absent,42,8,31
present,1,8,32
tardy,16,8,32
present,23,8,32
absent,32,8,32
present,41,8,32
present,4,8,33
present,17,8,33
present,22,8,33
present,31,8,33
present,43,8,33
present,1,8,34
present,14,8,34
present,29,8,34
present,33,8,34
present,41,8,34
tardy,9,8,35
present,19,8,35
present,22,8,35
present,31,8,35
present,43,8,35
tardy,6,8,36
present,17,8,36
present,23,8,36
present,39,8,36
present,47,8,36
absent,6,8,37
present,18,8,37
present,25,8,37
absent,32,8,37
absent,49,8,37
present,9,8,38
present,16,8,38
present,29,8,38
present,31,8,38
present,42,8,38
present,9,8,39
present,16,8,39
present,21,8,39
present,31,8,39
present,42,8,39
tardy,10,8,40
present,14,8,40
absent,28,8,40
present,38,8,40
present,43,8,40
present,9,8,41
present,13,8,41
present,26,8,41
present,32,8,41
present,44,8,41
present,2,8,42
present,12,8,42
present,26,8,42
present,34,8,42
present,42,8,42
present,6,8,43
present,12,8,43
present,25,8,43
present,34,8,43
present,50,8,43
present,2,8,44
present,17,8,44
present,29,8,44
tardy,31,8,44
present,44,8,44
present,8,8,45
present,12,8,45
tardy,22,8,45
present,34,8,45
present,49,8,45
tardy,4,8,46
present,19,8,46
present,28,8,46
present,38,8,46
present,44,8,46
present,2,8,47
present,16,8,47
present,21,8,47
present,33,8,47
present,48,8,47
present,6,8,48
tardy,18,8,48
absent,24,8,48
present,37,8,48
present,42,8,48
present,10,8,49
present,13,8,49
present,23,8,49
present,35,8,49
present,46,8,49
present,9,8,50
present,16,8,50
absent,21,8,50
present,35,8,50
present,43,8,50
