answer_type,choice_id,course_id,days_ago,question_id,student_id,text_answer
id,1,10,0,1,1,nil
id,3,10,0,2,1,nil
id,1,20,0,1,1,nil
id,4,20,0,2,1,nil
id,1,30,0,1,1,nil
id,3,30,0,2,1,nil
id,1,31,0,1,1,nil
id,7,31,0,2,1,nil
id,1,50,0,1,1,nil
id,4,50,0,2,1,nil
id,2,10,0,1,2,nil
id,6,10,0,2,2,nil
id,1,17,0,1,2,nil
id,6,17,0,2,2,nil
id,1,21,0,1,2,nil
id,5,21,0,2,2,nil
id,1,34,0,1,2,nil
id,5,34,0,2,2,nil
id,2,43,0,1,2,nil
id,6,43,0,2,2,nil
id,1,2,0,1,3,nil
id,5,2,0,2,3,nil
id,1,13,0,1,3,nil
id,6,13,0,2,3,nil
id,1,25,0,1,3,nil
id,7,25,0,2,3,nil
id,1,31,0,1,3,nil
id,7,31,0,2,3,nil
id,1,49,0,1,3,nil
id,5,49,0,2,3,nil
id,2,6,0,1,4,nil
id,7,6,0,2,4,nil
id,1,12,0,1,4,nil
id,5,12,0,2,4,nil
id,2,22,0,1,4,nil
id,6,22,0,2,4,nil
id,1,36,0,1,4,nil
id,4,36,0,2,4,nil
id,1,3,0,1,5,nil
id,6,3,0,2,5,nil
id,1,19,0,1,5,nil
id,5,19,0,2,5,nil
id,1,23,0,1,5,nil
id,4,23,0,2,5,nil
id,1,36,0,1,5,nil
id,4,36,0,2,5,nil
id,1,48,0,1,5,nil
id,7,48,0,2,5,nil
id,1,8,0,1,6,nil
id,4,8,0,2,6,nil
id,1,14,0,1,6,nil
id,5,14,0,2,6,nil
id,2,30,0,1,6,nil
id,6,30,0,2,6,nil
id,2,38,0,1,6,nil
id,6,38,0,2,6,nil
id,1,47,0,1,6,nil
id,6,47,0,2,6,nil
id,2,6,0,1,7,nil
id,4,6,0,2,7,nil
id,2,17,0,1,7,nil
id,6,17,0,2,7,nil
id,2,30,0,1,7,nil
id,5,30,0,2,7,nil
id,2,31,0,1,7,nil
id,4,31,0,2,7,nil
id,1,44,0,1,7,nil
id,4,44,0,2,7,nil
id,1,1,0,1,8,nil
id,6,1,0,2,8,nil
id,2,12,0,1,8,nil
id,4,12,0,2,8,nil
id,1,22,0,1,8,nil
id,4,22,0,2,8,nil
id,1,39,0,1,8,nil
id,4,39,0,2,8,nil
id,2,46,0,1,8,nil
id,5,46,0,2,8,nil
id,2,6,0,1,9,nil
id,6,6,0,2,9,nil
id,1,12,0,1,9,nil
id,7,12,0,2,9,nil
id,2,25,0,1,9,nil
id,6,25,0,2,9,nil
id,2,39,0,1,9,nil
id,6,39,0,2,9,nil
id,1,50,0,1,9,nil
id,7,50,0,2,9,nil
id,2,3,0,1,10,nil
id,6,3,0,2,10,nil
id,2,25,0,1,10,nil
id,4,25,0,2,10,nil
id,2,39,0,1,10,nil
id,6,39,0,2,10,nil
id,1,42,0,1,10,nil
id,6,42,0,2,10,nil
id,1,8,0,1,11,nil
id,7,8,0,2,11,nil
id,1,17,0,1,11,nil
id,5,17,0,2,11,nil
id,1,34,0,1,11,nil
id,5,34,0,2,11,nil
id,1,3,0,1,12,nil
id,5,3,0,2,12,nil
id,1,20,0,1,12,nil
id,4,20,0,2,12,nil
id,1,30,0,1,12,nil
id,5,30,0,2,12,nil
id,1,38,0,1,12,nil
id,6,38,0,2,12,nil
id,1,47,0,1,12,nil
id,6,47,0,2,12,nil
id,2,1,0,1,13,nil
id,7,1,0,2,13,nil
id,1,19,0,1,13,nil
id,7,19,0,2,13,nil
id,2,25,0,1,13,nil
id,4,25,0,2,13,nil
id,1,31,0,1,13,nil
id,6,31,0,2,13,nil
id,1,2,0,1,14,nil
id,5,2,0,2,14,nil
id,1,11,0,1,14,nil
id,5,11,0,2,14,nil
id,1,23,0,1,14,nil
id,4,23,0,2,14,nil
id,1,40,0,1,14,nil
id,6,40,0,2,14,nil
id,1,8,0,1,15,nil
id,4,8,0,2,15,nil
id,2,18,0,1,15,nil
id,4,18,0,2,15,nil
id,2,25,0,1,15,nil
id,4,25,0,2,15,nil
id,2,31,0,1,15,nil
id,5,31,0,2,15,nil
id,1,41,0,1,15,nil
id,4,41,0,2,15,nil
id,1,10,0,1,16,nil
id,5,10,0,2,16,nil
id,1,12,0,1,16,nil
id,7,12,0,2,16,nil
id,1,26,0,1,16,nil
id,4,26,0,2,16,nil
id,1,33,0,1,16,nil
id,3,33,0,2,16,nil
id,1,43,0,1,16,nil
id,3,43,0,2,16,nil
id,2,18,0,1,17,nil
id,4,18,0,2,17,nil
id,2,36,0,1,17,nil
id,6,36,0,2,17,nil
id,2,50,0,1,17,nil
id,4,50,0,2,17,nil
id,2,8,0,1,18,nil
id,4,8,0,2,18,nil
id,1,12,0,1,18,nil
id,6,12,0,2,18,nil
id,1,25,0,1,18,nil
id,4,25,0,2,18,nil
id,2,36,0,1,18,nil
id,5,36,0,2,18,nil
id,1,49,0,1,18,nil
id,6,49,0,2,18,nil
id,1,4,0,1,19,nil
id,4,4,0,2,19,nil
id,1,19,0,1,19,nil
id,4,19,0,2,19,nil
id,2,37,0,1,19,nil
id,5,37,0,2,19,nil
id,1,46,0,1,19,nil
id,6,46,0,2,19,nil
id,1,10,0,1,20,nil
id,4,10,0,2,20,nil
id,1,15,0,1,20,nil
id,5,15,0,2,20,nil
id,1,23,0,1,20,nil
id,5,23,0,2,20,nil
id,2,37,0,1,20,nil
id,4,37,0,2,20,nil
id,1,43,0,1,20,nil
id,6,43,0,2,20,nil
id,1,7,0,1,21,nil
id,5,7,0,2,21,nil
id,2,16,0,1,21,nil
id,4,16,0,2,21,nil
id,2,30,0,1,21,nil
id,6,30,0,2,21,nil
id,2,47,0,1,21,nil
id,4,47,0,2,21,nil
id,1,2,0,1,22,nil
id,5,2,0,2,22,nil
id,2,19,0,1,22,nil
id,6,19,0,2,22,nil
id,2,30,0,1,22,nil
id,6,30,0,2,22,nil
id,2,38,0,1,22,nil
id,6,38,0,2,22,nil
id,2,45,0,1,22,nil
id,7,45,0,2,22,nil
id,1,4,0,1,23,nil
id,4,4,0,2,23,nil
id,1,22,0,1,23,nil
id,5,22,0,2,23,nil
id,1,40,0,1,23,nil
id,4,40,0,2,23,nil
id,1,49,0,1,23,nil
id,6,49,0,2,23,nil
id,1,5,0,1,24,nil
id,5,5,0,2,24,nil
id,1,18,0,1,24,nil
id,4,18,0,2,24,nil
id,1,30,0,1,24,nil
id,4,30,0,2,24,nil
id,1,40,0,1,24,nil
id,7,40,0,2,24,nil
id,1,46,0,1,24,nil
id,3,46,0,2,24,nil
id,1,10,0,1,25,nil
id,4,10,0,2,25,nil
id,1,11,0,1,25,nil
id,5,11,0,2,25,nil
id,1,28,0,1,25,nil
id,4,28,0,2,25,nil
id,2,33,0,1,25,nil
id,7,33,0,2,25,nil
id,1,44,0,1,25,nil
id,6,44,0,2,25,nil
id,2,5,0,1,26,nil
id,7,5,0,2,26,nil
id,1,14,0,1,26,nil
id,5,14,0,2,26,nil
id,2,21,0,1,26,nil
id,5,21,0,2,26,nil
id,2,35,0,1,26,nil
id,7,35,0,2,26,nil
id,1,44,0,1,26,nil
id,5,44,0,2,26,nil
id,1,5,0,1,27,nil
id,6,5,0,2,27,nil
id,2,19,0,1,27,nil
id,4,19,0,2,27,nil
id,2,22,0,1,27,nil
id,4,22,0,2,27,nil
id,2,31,0,1,27,nil
id,6,31,0,2,27,nil
id,1,50,0,1,27,nil
id,4,50,0,2,27,nil
id,1,2,0,1,28,nil
id,5,2,0,2,28,nil
id,1,12,0,1,28,nil
id,5,12,0,2,28,nil
id,1,30,0,1,28,nil
id,6,30,0,2,28,nil
id,1,38,0,1,28,nil
id,4,38,0,2,28,nil
id,1,41,0,1,28,nil
id,4,41,0,2,28,nil
id,1,20,0,1,29,nil
id,4,20,0,2,29,nil
id,1,30,0,1,29,nil
id,7,30,0,2,29,nil
id,1,38,0,1,29,nil
id,4,38,0,2,29,nil
id,1,45,0,1,29,nil
id,6,45,0,2,29,nil
id,1,7,0,1,30,nil
id,5,7,0,2,30,nil
id,1,19,0,1,30,nil
id,6,19,0,2,30,nil
id,1,30,0,1,30,nil
id,4,30,0,2,30,nil
id,1,33,0,1,30,nil
id,4,33,0,2,30,nil
id,1,50,0,1,30,nil
id,4,50,0,2,30,nil
id,1,1,0,1,31,nil
id,5,1,0,2,31,nil
id,1,12,0,1,31,nil
id,6,12,0,2,31,nil
id,2,30,0,1,31,nil
id,7,30,0,2,31,nil
id,1,34,0,1,31,nil
id,4,34,0,2,31,nil
id,2,42,0,1,31,nil
id,5,42,0,2,31,nil
id,1,4,0,1,32,nil
id,5,4,0,2,32,nil
id,2,20,0,1,32,nil
id,5,20,0,2,32,nil
id,2,27,0,1,32,nil
id,5,27,0,2,32,nil
id,2,37,0,1,32,nil
id,6,37,0,2,32,nil
id,1,42,0,1,32,nil
id,6,42,0,2,32,nil
id,1,5,0,1,33,nil
id,4,5,0,2,33,nil
id,1,17,0,1,33,nil
id,4,17,0,2,33,nil
id,2,26,0,1,33,nil
id,5,26,0,2,33,nil
id,1,33,0,1,33,nil
id,6,33,0,2,33,nil
id,1,41,0,1,33,nil
id,5,41,0,2,33,nil
id,2,10,0,1,34,nil
id,4,10,0,2,34,nil
id,1,19,0,1,34,nil
id,4,19,0,2,34,nil
id,2,26,0,1,34,nil
id,4,26,0,2,34,nil
id,2,40,0,1,34,nil
id,4,40,0,2,34,nil
id,1,50,0,1,34,nil
id,5,50,0,2,34,nil
id,1,7,0,1,35,nil
id,5,7,0,2,35,nil
id,1,14,0,1,35,nil
id,6,14,0,2,35,nil
id,2,23,0,1,35,nil
id,6,23,0,2,35,nil
id,1,39,0,1,35,nil
id,4,39,0,2,35,nil
id,1,47,0,1,35,nil
id,5,47,0,2,35,nil
id,1,10,0,1,36,nil
id,4,10,0,2,36,nil
id,1,19,0,1,36,nil
id,6,19,0,2,36,nil
id,2,22,0,1,36,nil
id,4,22,0,2,36,nil
id,1,35,0,1,36,nil
id,7,35,0,2,36,nil
id,1,46,0,1,36,nil
id,6,46,0,2,36,nil
id,1,2,0,1,37,nil
id,3,2,0,2,37,nil
id,2,13,0,1,37,nil
id,4,13,0,2,37,nil
id,1,21,0,1,37,nil
id,7,21,0,2,37,nil
id,1,33,0,1,37,nil
id,4,33,0,2,37,nil
id,1,42,0,1,37,nil
id,4,42,0,2,37,nil
id,1,10,0,1,38,nil
id,6,10,0,2,38,nil
id,2,12,0,1,38,nil
id,3,12,0,2,38,nil
id,1,22,0,1,38,nil
id,4,22,0,2,38,nil
id,2,34,0,1,38,nil
id,5,34,0,2,38,nil
id,1,45,0,1,38,nil
id,3,45,0,2,38,nil
id,1,10,0,1,39,nil
id,6,10,0,2,39,nil
id,1,13,0,1,39,nil
id,4,13,0,2,39,nil
id,1,26,0,1,39,nil
id,6,26,0,2,39,nil
id,1,33,0,1,39,nil
id,5,33,0,2,39,nil
id,2,49,0,1,39,nil
id,4,49,0,2,39,nil
id,2,2,0,1,40,nil
id,4,2,0,2,40,nil
id,1,20,0,1,40,nil
id,6,20,0,2,40,nil
id,2,22,0,1,40,nil
id,3,22,0,2,40,nil
id,1,33,0,1,40,nil
id,6,33,0,2,40,nil
id,1,42,0,1,40,nil
id,6,42,0,2,40,nil
id,1,8,0,1,41,nil
id,7,8,0,2,41,nil
id,1,15,0,1,41,nil
id,4,15,0,2,41,nil
id,1,30,0,1,41,nil
id,5,30,0,2,41,nil
id,1,39,0,1,41,nil
id,4,39,0,2,41,nil
id,1,43,0,1,41,nil
id,5,43,0,2,41,nil
id,1,10,0,1,42,nil
id,7,10,0,2,42,nil
id,1,17,0,1,42,nil
id,6,17,0,2,42,nil
id,1,29,0,1,42,nil
id,4,29,0,2,42,nil
id,1,35,0,1,42,nil
id,4,35,0,2,42,nil
id,1,42,0,1,42,nil
id,3,42,0,2,42,nil
id,2,4,0,1,43,nil
id,6,4,0,2,43,nil
id,2,12,0,1,43,nil
id,5,12,0,2,43,nil
id,2,30,0,1,43,nil
id,4,30,0,2,43,nil
id,2,36,0,1,43,nil
id,3,36,0,2,43,nil
id,1,42,0,1,43,nil
id,6,42,0,2,43,nil
id,1,5,0,1,44,nil
id,4,5,0,2,44,nil
id,1,12,0,1,44,nil
id,3,12,0,2,44,nil
id,1,24,0,1,44,nil
id,4,24,0,2,44,nil
id,1,35,0,1,44,nil
id,4,35,0,2,44,nil
id,1,41,0,1,44,nil
id,6,41,0,2,44,nil
id,2,4,0,1,45,nil
id,5,4,0,2,45,nil
id,2,17,0,1,45,nil
id,5,17,0,2,45,nil
id,1,24,0,1,45,nil
id,4,24,0,2,45,nil
id,2,32,0,1,45,nil
id,4,32,0,2,45,nil
id,1,50,0,1,45,nil
id,5,50,0,2,45,nil
id,1,4,0,1,46,nil
id,4,4,0,2,46,nil
id,1,30,0,1,46,nil
id,4,30,0,2,46,nil
id,1,39,0,1,46,nil
id,4,39,0,2,46,nil
id,1,48,0,1,46,nil
id,5,48,0,2,46,nil
id,2,6,0,1,47,nil
id,7,6,0,2,47,nil
id,1,18,0,1,47,nil
id,4,18,0,2,47,nil
id,1,25,0,1,47,nil
id,4,25,0,2,47,nil
id,1,38,0,1,47,nil
id,4,38,0,2,47,nil
id,1,42,0,1,47,nil
id,5,42,0,2,47,nil
id,1,11,0,1,48,nil
id,4,11,0,2,48,nil
id,1,28,0,1,48,nil
id,6,28,0,2,48,nil
id,1,39,0,1,48,nil
id,5,39,0,2,48,nil
id,2,43,0,1,48,nil
id,4,43,0,2,48,nil
id,1,2,0,1,49,nil
id,5,2,0,2,49,nil
id,1,19,0,1,49,nil
id,4,19,0,2,49,nil
id,1,26,0,1,49,nil
id,4,26,0,2,49,nil
id,2,32,0,1,49,nil
id,4,32,0,2,49,nil
id,1,48,0,1,49,nil
id,6,48,0,2,49,nil
id,1,6,0,1,50,nil
id,4,6,0,2,50,nil
id,1,17,0,1,50,nil
id,7,17,0,2,50,nil
id,1,28,0,1,50,nil
id,6,28,0,2,50,nil
id,1,39,0,1,50,nil
id,4,39,0,2,50,nil
id,2,41,0,1,50,nil
id,7,41,0,2,50,nil
id,1,10,1,1,1,nil
id,5,10,1,2,1,nil
id,1,20,1,1,1,nil
id,4,20,1,2,1,nil
id,1,30,1,1,1,nil
id,4,30,1,2,1,nil
id,1,31,1,1,1,nil
id,5,31,1,2,1,nil
id,1,50,1,1,1,nil
id,4,50,1,2,1,nil
id,1,10,1,1,2,nil
id,6,10,1,2,2,nil
id,1,17,1,1,2,nil
id,7,17,1,2,2,nil
id,1,21,1,1,2,nil
id,5,21,1,2,2,nil
id,2,34,1,1,2,nil
id,6,34,1,2,2,nil
id,1,43,1,1,2,nil
id,4,43,1,2,2,nil
id,1,2,1,1,3,nil
id,3,2,1,2,3,nil
id,1,13,1,1,3,nil
id,7,13,1,2,3,nil
id,1,25,1,1,3,nil
id,6,25,1,2,3,nil
id,1,31,1,1,3,nil
id,4,31,1,2,3,nil
id,1,49,1,1,3,nil
id,6,49,1,2,3,nil
id,1,6,1,1,4,nil
id,7,6,1,2,4,nil
id,1,12,1,1,4,nil
id,4,12,1,2,4,nil
id,1,22,1,1,4,nil
id,3,22,1,2,4,nil
id,2,36,1,1,4,nil
id,4,36,1,2,4,nil
id,2,41,1,1,4,nil
id,7,41,1,2,4,nil
id,1,3,1,1,5,nil
id,7,3,1,2,5,nil
id,1,19,1,1,5,nil
id,6,19,1,2,5,nil
id,1,23,1,1,5,nil
id,4,23,1,2,5,nil
id,1,36,1,1,5,nil
id,4,36,1,2,5,nil
id,1,48,1,1,5,nil
id,4,48,1,2,5,nil
id,2,8,1,1,6,nil
id,5,8,1,2,6,nil
id,1,14,1,1,6,nil
id,5,14,1,2,6,nil
id,1,30,1,1,6,nil
id,6,30,1,2,6,nil
id,1,38,1,1,6,nil
id,3,38,1,2,6,nil
id,1,47,1,1,6,nil
id,4,47,1,2,6,nil
id,1,17,1,1,7,nil
id,4,17,1,2,7,nil
id,1,30,1,1,7,nil
id,6,30,1,2,7,nil
id,1,31,1,1,7,nil
id,5,31,1,2,7,nil
id,1,44,1,1,7,nil
id,6,44,1,2,7,nil
id,2,1,1,1,8,nil
id,4,1,1,2,8,nil
id,2,12,1,1,8,nil
id,4,12,1,2,8,nil
id,2,22,1,1,8,nil
id,5,22,1,2,8,nil
id,2,39,1,1,8,nil
id,4,39,1,2,8,nil
id,1,46,1,1,8,nil
id,6,46,1,2,8,nil
id,1,6,1,1,9,nil
id,4,6,1,2,9,nil
id,2,12,1,1,9,nil
id,5,12,1,2,9,nil
id,2,39,1,1,9,nil
id,5,39,1,2,9,nil
id,1,50,1,1,9,nil
id,6,50,1,2,9,nil
id,2,3,1,1,10,nil
id,4,3,1,2,10,nil
id,1,13,1,1,10,nil
id,4,13,1,2,10,nil
id,1,25,1,1,10,nil
id,4,25,1,2,10,nil
id,1,39,1,1,10,nil
id,4,39,1,2,10,nil
id,1,42,1,1,10,nil
id,7,42,1,2,10,nil
id,2,8,1,1,11,nil
id,7,8,1,2,11,nil
id,1,17,1,1,11,nil
id,5,17,1,2,11,nil
id,1,22,1,1,11,nil
id,3,22,1,2,11,nil
id,2,34,1,1,11,nil
id,6,34,1,2,11,nil
id,1,45,1,1,11,nil
id,5,45,1,2,11,nil
id,1,3,1,1,12,nil
id,6,3,1,2,12,nil
id,1,20,1,1,12,nil
id,7,20,1,2,12,nil
id,1,30,1,1,12,nil
id,5,30,1,2,12,nil
id,1,38,1,1,12,nil
id,6,38,1,2,12,nil
id,1,47,1,1,12,nil
id,5,47,1,2,12,nil
id,1,1,1,1,13,nil
id,4,1,1,2,13,nil
id,2,19,1,1,13,nil
id,6,19,1,2,13,nil
id,2,25,1,1,13,nil
id,5,25,1,2,13,nil
id,2,43,1,1,13,nil
id,4,43,1,2,13,nil
id,2,2,1,1,14,nil
id,4,2,1,2,14,nil
id,1,11,1,1,14,nil
id,4,11,1,2,14,nil
id,1,23,1,1,14,nil
id,5,23,1,2,14,nil
id,1,40,1,1,14,nil
id,5,40,1,2,14,nil
id,2,8,1,1,15,nil
id,6,8,1,2,15,nil
id,2,18,1,1,15,nil
id,5,18,1,2,15,nil
id,2,25,1,1,15,nil
id,5,25,1,2,15,nil
id,1,31,1,1,15,nil
id,6,31,1,2,15,nil
id,1,41,1,1,15,nil
id,5,41,1,2,15,nil
id,1,10,1,1,16,nil
id,5,10,1,2,16,nil
id,1,12,1,1,16,nil
id,3,12,1,2,16,nil
id,1,26,1,1,16,nil
id,7,26,1,2,16,nil
id,1,33,1,1,16,nil
id,6,33,1,2,16,nil
id,1,43,1,1,16,nil
id,4,43,1,2,16,nil
id,1,7,1,1,17,nil
id,5,7,1,2,17,nil
id,2,18,1,1,17,nil
id,5,18,1,2,17,nil
id,2,21,1,1,17,nil
id,6,21,1,2,17,nil
id,1,36,1,1,17,nil
id,6,36,1,2,17,nil
id,1,50,1,1,17,nil
id,5,50,1,2,17,nil
id,1,8,1,1,18,nil
id,7,8,1,2,18,nil
id,1,12,1,1,18,nil
id,7,12,1,2,18,nil
id,1,25,1,1,18,nil
id,4,25,1,2,18,nil
id,2,36,1,1,18,nil
id,6,36,1,2,18,nil
id,1,49,1,1,18,nil
id,5,49,1,2,18,nil
id,1,4,1,1,19,nil
id,6,4,1,2,19,nil
id,1,19,1,1,19,nil
id,3,19,1,2,19,nil
id,2,23,1,1,19,nil
id,4,23,1,2,19,nil
id,1,37,1,1,19,nil
id,5,37,1,2,19,nil
id,2,46,1,1,19,nil
id,3,46,1,2,19,nil
id,1,10,1,1,20,nil
id,6,10,1,2,20,nil
id,1,15,1,1,20,nil
id,6,15,1,2,20,nil
id,1,23,1,1,20,nil
id,4,23,1,2,20,nil
id,2,37,1,1,20,nil
id,6,37,1,2,20,nil
id,1,43,1,1,20,nil
id,6,43,1,2,20,nil
id,2,7,1,1,21,nil
id,6,7,1,2,21,nil
id,1,16,1,1,21,nil
id,4,16,1,2,21,nil
id,2,30,1,1,21,nil
id,4,30,1,2,21,nil
id,2,36,1,1,21,nil
id,5,36,1,2,21,nil
id,1,47,1,1,21,nil
id,5,47,1,2,21,nil
id,1,2,1,1,22,nil
id,7,2,1,2,22,nil
id,1,19,1,1,22,nil
id,4,19,1,2,22,nil
id,1,30,1,1,22,nil
id,6,30,1,2,22,nil
id,1,38,1,1,22,nil
id,7,38,1,2,22,nil
id,2,45,1,1,22,nil
id,4,45,1,2,22,nil
id,1,4,1,1,23,nil
id,5,4,1,2,23,nil
id,1,15,1,1,23,nil
id,4,15,1,2,23,nil
id,1,22,1,1,23,nil
id,4,22,1,2,23,nil
id,1,40,1,1,23,nil
id,6,40,1,2,23,nil
id,2,49,1,1,23,nil
id,6,49,1,2,23,nil
id,1,5,1,1,24,nil
id,4,5,1,2,24,nil
id,1,18,1,1,24,nil
id,7,18,1,2,24,nil
id,1,30,1,1,24,nil
id,5,30,1,2,24,nil
id,1,40,1,1,24,nil
id,7,40,1,2,24,nil
id,1,46,1,1,24,nil
id,7,46,1,2,24,nil
id,2,10,1,1,25,nil
id,5,10,1,2,25,nil
id,1,11,1,1,25,nil
id,6,11,1,2,25,nil
id,1,28,1,1,25,nil
id,5,28,1,2,25,nil
id,1,33,1,1,25,nil
id,5,33,1,2,25,nil
id,1,44,1,1,25,nil
id,4,44,1,2,25,nil
id,1,14,1,1,26,nil
id,4,14,1,2,26,nil
id,1,21,1,1,26,nil
id,6,21,1,2,26,nil
id,2,35,1,1,26,nil
id,4,35,1,2,26,nil
id,1,44,1,1,26,nil
id,5,44,1,2,26,nil
id,1,5,1,1,27,nil
id,6,5,1,2,27,nil
id,2,19,1,1,27,nil
id,6,19,1,2,27,nil
id,2,22,1,1,27,nil
id,4,22,1,2,27,nil
id,2,31,1,1,27,nil
id,4,31,1,2,27,nil
id,2,50,1,1,27,nil
id,4,50,1,2,27,nil
id,1,2,1,1,28,nil
id,7,2,1,2,28,nil
id,2,12,1,1,28,nil
id,4,12,1,2,28,nil
id,1,30,1,1,28,nil
id,5,30,1,2,28,nil
id,1,38,1,1,28,nil
id,5,38,1,2,28,nil
id,1,41,1,1,28,nil
id,6,41,1,2,28,nil
id,1,3,1,1,29,nil
id,7,3,1,2,29,nil
id,1,30,1,1,29,nil
id,4,30,1,2,29,nil
id,1,38,1,1,29,nil
id,6,38,1,2,29,nil
id,2,45,1,1,29,nil
id,5,45,1,2,29,nil
id,1,7,1,1,30,nil
id,5,7,1,2,30,nil
id,1,19,1,1,30,nil
id,7,19,1,2,30,nil
id,1,30,1,1,30,nil
id,4,30,1,2,30,nil
id,1,33,1,1,30,nil
id,4,33,1,2,30,nil
id,1,50,1,1,30,nil
id,4,50,1,2,30,nil
id,2,1,1,1,31,nil
id,6,1,1,2,31,nil
id,2,12,1,1,31,nil
id,5,12,1,2,31,nil
id,1,30,1,1,31,nil
id,7,30,1,2,31,nil
id,1,34,1,1,31,nil
id,6,34,1,2,31,nil
id,2,42,1,1,31,nil
id,5,42,1,2,31,nil
id,2,4,1,1,32,nil
id,5,4,1,2,32,nil
id,2,20,1,1,32,nil
id,4,20,1,2,32,nil
id,2,27,1,1,32,nil
id,5,27,1,2,32,nil
id,2,37,1,1,32,nil
id,5,37,1,2,32,nil
id,1,42,1,1,32,nil
id,6,42,1,2,32,nil
id,1,5,1,1,33,nil
id,4,5,1,2,33,nil
id,1,17,1,1,33,nil
id,6,17,1,2,33,nil
id,1,26,1,1,33,nil
id,4,26,1,2,33,nil
id,2,33,1,1,33,nil
id,5,33,1,2,33,nil
id,2,41,1,1,33,nil
id,7,41,1,2,33,nil
id,2,10,1,1,34,nil
id,6,10,1,2,34,nil
id,1,19,1,1,34,nil
id,5,19,1,2,34,nil
id,1,26,1,1,34,nil
id,4,26,1,2,34,nil
id,2,40,1,1,34,nil
id,6,40,1,2,34,nil
id,1,50,1,1,34,nil
id,6,50,1,2,34,nil
id,1,14,1,1,35,nil
id,4,14,1,2,35,nil
id,1,23,1,1,35,nil
id,4,23,1,2,35,nil
id,1,39,1,1,35,nil
id,5,39,1,2,35,nil
id,2,47,1,1,35,nil
id,5,47,1,2,35,nil
id,1,19,1,1,36,nil
id,5,19,1,2,36,nil
id,1,22,1,1,36,nil
id,4,22,1,2,36,nil
id,1,35,1,1,36,nil
id,6,35,1,2,36,nil
id,2,46,1,1,36,nil
id,4,46,1,2,36,nil
id,1,2,1,1,37,nil
id,7,2,1,2,37,nil
id,1,13,1,1,37,nil
id,5,13,1,2,37,nil
id,1,21,1,1,37,nil
id,4,21,1,2,37,nil
id,1,33,1,1,37,nil
id,4,33,1,2,37,nil
id,1,42,1,1,37,nil
id,6,42,1,2,37,nil
id,1,10,1,1,38,nil
id,4,10,1,2,38,nil
id,1,12,1,1,38,nil
id,5,12,1,2,38,nil
id,1,22,1,1,38,nil
id,5,22,1,2,38,nil
id,1,34,1,1,38,nil
id,5,34,1,2,38,nil
id,1,45,1,1,38,nil
id,7,45,1,2,38,nil
id,2,10,1,1,39,nil
id,6,10,1,2,39,nil
id,1,13,1,1,39,nil
id,6,13,1,2,39,nil
id,1,26,1,1,39,nil
id,5,26,1,2,39,nil
id,2,33,1,1,39,nil
id,4,33,1,2,39,nil
id,1,49,1,1,39,nil
id,5,49,1,2,39,nil
id,2,2,1,1,40,nil
id,4,2,1,2,40,nil
id,1,20,1,1,40,nil
id,4,20,1,2,40,nil
id,1,22,1,1,40,nil
id,6,22,1,2,40,nil
id,1,33,1,1,40,nil
id,5,33,1,2,40,nil
id,1,8,1,1,41,nil
id,4,8,1,2,41,nil
id,1,15,1,1,41,nil
id,4,15,1,2,41,nil
id,1,30,1,1,41,nil
id,5,30,1,2,41,nil
id,1,39,1,1,41,nil
id,5,39,1,2,41,nil
id,2,43,1,1,41,nil
id,6,43,1,2,41,nil
id,2,10,1,1,42,nil
id,6,10,1,2,42,nil
id,1,17,1,1,42,nil
id,4,17,1,2,42,nil
id,1,29,1,1,42,nil
id,4,29,1,2,42,nil
id,1,35,1,1,42,nil
id,4,35,1,2,42,nil
id,1,42,1,1,42,nil
id,5,42,1,2,42,nil
id,2,4,1,1,43,nil
id,6,4,1,2,43,nil
id,2,12,1,1,43,nil
id,6,12,1,2,43,nil
id,2,30,1,1,43,nil
id,6,30,1,2,43,nil
id,1,36,1,1,43,nil
id,4,36,1,2,43,nil
id,2,42,1,1,43,nil
id,4,42,1,2,43,nil
id,1,5,1,1,44,nil
id,5,5,1,2,44,nil
id,2,12,1,1,44,nil
id,7,12,1,2,44,nil
id,1,24,1,1,44,nil
id,4,24,1,2,44,nil
id,1,35,1,1,44,nil
id,7,35,1,2,44,nil
id,1,41,1,1,44,nil
id,7,41,1,2,44,nil
id,2,4,1,1,45,nil
id,6,4,1,2,45,nil
id,1,17,1,1,45,nil
id,6,17,1,2,45,nil
id,1,24,1,1,45,nil
id,5,24,1,2,45,nil
id,1,32,1,1,45,nil
id,5,32,1,2,45,nil
id,2,50,1,1,45,nil
id,5,50,1,2,45,nil
id,1,4,1,1,46,nil
id,7,4,1,2,46,nil
id,1,18,1,1,46,nil
id,6,18,1,2,46,nil
id,1,30,1,1,46,nil
id,5,30,1,2,46,nil
id,1,48,1,1,46,nil
id,4,48,1,2,46,nil
id,1,6,1,1,47,nil
id,6,6,1,2,47,nil
id,1,18,1,1,47,nil
id,6,18,1,2,47,nil
id,1,25,1,1,47,nil
id,5,25,1,2,47,nil
id,2,38,1,1,47,nil
id,5,38,1,2,47,nil
id,2,42,1,1,47,nil
id,7,42,1,2,47,nil
id,1,11,1,1,48,nil
id,4,11,1,2,48,nil
id,1,28,1,1,48,nil
id,5,28,1,2,48,nil
id,1,39,1,1,48,nil
id,6,39,1,2,48,nil
id,1,43,1,1,48,nil
id,4,43,1,2,48,nil
id,1,2,1,1,49,nil
id,6,2,1,2,49,nil
id,1,19,1,1,49,nil
id,6,19,1,2,49,nil
id,2,26,1,1,49,nil
id,5,26,1,2,49,nil
id,1,32,1,1,49,nil
id,6,32,1,2,49,nil
id,1,48,1,1,49,nil
id,4,48,1,2,49,nil
id,1,6,1,1,50,nil
id,4,6,1,2,50,nil
id,2,17,1,1,50,nil
id,4,17,1,2,50,nil
id,2,28,1,1,50,nil
id,4,28,1,2,50,nil
id,1,39,1,1,50,nil
id,4,39,1,2,50,nil
id,1,41,1,1,50,nil
id,7,41,1,2,50,nil
id,2,10,2,1,1,nil
id,6,10,2,2,1,nil
id,2,20,2,1,1,nil
id,3,20,2,2,1,nil
id,1,30,2,1,1,nil
id,5,30,2,2,1,nil
id,1,31,2,1,1,nil
id,5,31,2,2,1,nil
id,1,50,2,1,1,nil
id,6,50,2,2,1,nil
id,2,10,2,1,2,nil
id,4,10,2,2,2,nil
id,1,17,2,1,2,nil
id,4,17,2,2,2,nil
id,1,21,2,1,2,nil
id,3,21,2,2,2,nil
id,1,34,2,1,2,nil
id,3,34,2,2,2,nil
id,1,43,2,1,2,nil
id,5,43,2,2,2,nil
id,2,2,2,1,3,nil
id,5,2,2,2,3,nil
id,1,13,2,1,3,nil
id,6,13,2,2,3,nil
id,1,25,2,1,3,nil
id,4,25,2,2,3,nil
id,1,31,2,1,3,nil
id,6,31,2,2,3,nil
id,1,49,2,1,3,nil
id,5,49,2,2,3,nil
id,1,6,2,1,4,nil
id,7,6,2,2,4,nil
id,1,12,2,1,4,nil
id,7,12,2,2,4,nil
id,1,22,2,1,4,nil
id,5,22,2,2,4,nil
id,1,36,2,1,4,nil
id,5,36,2,2,4,nil
id,2,41,2,1,4,nil
id,5,41,2,2,4,nil
id,1,3,2,1,5,nil
id,6,3,2,2,5,nil
id,1,19,2,1,5,nil
id,4,19,2,2,5,nil
id,1,23,2,1,5,nil
id,5,23,2,2,5,nil
id,1,36,2,1,5,nil
id,4,36,2,2,5,nil
id,1,48,2,1,5,nil
id,4,48,2,2,5,nil
id,1,30,2,1,6,nil
id,5,30,2,2,6,nil
id,1,38,2,1,6,nil
id,6,38,2,2,6,nil
id,1,47,2,1,6,nil
id,6,47,2,2,6,nil
id,2,6,2,1,7,nil
id,4,6,2,2,7,nil
id,2,17,2,1,7,nil
id,5,17,2,2,7,nil
id,1,30,2,1,7,nil
id,7,30,2,2,7,nil
id,2,31,2,1,7,nil
id,3,31,2,2,7,nil
id,2,44,2,1,7,nil
id,4,44,2,2,7,nil
id,1,1,2,1,8,nil
id,6,1,2,2,8,nil
id,1,12,2,1,8,nil
id,6,12,2,2,8,nil
id,1,22,2,1,8,nil
id,5,22,2,2,8,nil
id,2,39,2,1,8,nil
id,4,39,2,2,8,nil
id,2,46,2,1,8,nil
id,4,46,2,2,8,nil
id,1,6,2,1,9,nil
id,4,6,2,2,9,nil
id,1,12,2,1,9,nil
id,7,12,2,2,9,nil
id,1,25,2,1,9,nil
id,6,25,2,2,9,nil
id,2,39,2,1,9,nil
id,6,39,2,2,9,nil
id,1,50,2,1,9,nil
id,6,50,2,2,9,nil
id,2,3,2,1,10,nil
id,7,3,2,2,10,nil
id,2,25,2,1,10,nil
id,4,25,2,2,10,nil
id,2,39,2,1,10,nil
id,5,39,2,2,10,nil
id,2,42,2,1,10,nil
id,4,42,2,2,10,nil
id,1,17,2,1,11,nil
id,7,17,2,2,11,nil
id,1,22,2,1,11,nil
id,5,22,2,2,11,nil
id,1,34,2,1,11,nil
id,6,34,2,2,11,nil
id,1,45,2,1,11,nil
id,6,45,2,2,11,nil
id,1,3,2,1,12,nil
id,6,3,2,2,12,nil
id,1,20,2,1,12,nil
id,4,20,2,2,12,nil
id,1,30,2,1,12,nil
id,6,30,2,2,12,nil
id,1,38,2,1,12,nil
id,6,38,2,2,12,nil
id,1,47,2,1,12,nil
id,5,47,2,2,12,nil
id,2,1,2,1,13,nil
id,7,1,2,2,13,nil
id,1,19,2,1,13,nil
id,6,19,2,2,13,nil
id,2,43,2,1,13,nil
id,4,43,2,2,13,nil
id,1,2,2,1,14,nil
id,6,2,2,2,14,nil
id,1,11,2,1,14,nil
id,6,11,2,2,14,nil
id,2,23,2,1,14,nil
id,4,23,2,2,14,nil
id,2,40,2,1,14,nil
id,4,40,2,2,14,nil
id,1,50,2,1,14,nil
id,3,50,2,2,14,nil
id,1,8,2,1,15,nil
id,4,8,2,2,15,nil
id,2,18,2,1,15,nil
id,5,18,2,2,15,nil
id,2,25,2,1,15,nil
id,7,25,2,2,15,nil
id,1,31,2,1,15,nil
id,3,31,2,2,15,nil
id,2,41,2,1,15,nil
id,4,41,2,2,15,nil
id,2,10,2,1,16,nil
id,4,10,2,2,16,nil
id,2,12,2,1,16,nil
id,5,12,2,2,16,nil
id,2,26,2,1,16,nil
id,4,26,2,2,16,nil
id,1,33,2,1,16,nil
id,6,33,2,2,16,nil
id,1,43,2,1,16,nil
id,4,43,2,2,16,nil
id,1,7,2,1,17,nil
id,4,7,2,2,17,nil
id,1,18,2,1,17,nil
id,5,18,2,2,17,nil
id,1,21,2,1,17,nil
id,6,21,2,2,17,nil
id,1,36,2,1,17,nil
id,4,36,2,2,17,nil
id,1,50,2,1,17,nil
id,6,50,2,2,17,nil
id,1,8,2,1,18,nil
id,6,8,2,2,18,nil
id,2,12,2,1,18,nil
id,6,12,2,2,18,nil
id,1,36,2,1,18,nil
id,5,36,2,2,18,nil
id,1,49,2,1,18,nil
id,5,49,2,2,18,nil
id,2,4,2,1,19,nil
id,4,4,2,2,19,nil
id,2,19,2,1,19,nil
id,5,19,2,2,19,nil
id,1,23,2,1,19,nil
id,4,23,2,2,19,nil
id,1,46,2,1,19,nil
id,4,46,2,2,19,nil
id,1,10,2,1,20,nil
id,6,10,2,2,20,nil
id,1,15,2,1,20,nil
id,5,15,2,2,20,nil
id,1,23,2,1,20,nil
id,5,23,2,2,20,nil
id,2,43,2,1,20,nil
id,6,43,2,2,20,nil
id,2,7,2,1,21,nil
id,7,7,2,2,21,nil
id,2,16,2,1,21,nil
id,4,16,2,2,21,nil
id,2,30,2,1,21,nil
id,5,30,2,2,21,nil
id,2,36,2,1,21,nil
id,4,36,2,2,21,nil
id,1,47,2,1,21,nil
id,4,47,2,2,21,nil
id,1,2,2,1,22,nil
id,5,2,2,2,22,nil
id,2,19,2,1,22,nil
id,4,19,2,2,22,nil
id,1,30,2,1,22,nil
id,5,30,2,2,22,nil
id,1,38,2,1,22,nil
id,4,38,2,2,22,nil
id,1,45,2,1,22,nil
id,5,45,2,2,22,nil
id,1,4,2,1,23,nil
id,4,4,2,2,23,nil
id,1,15,2,1,23,nil
id,4,15,2,2,23,nil
id,1,22,2,1,23,nil
id,4,22,2,2,23,nil
id,1,40,2,1,23,nil
id,6,40,2,2,23,nil
id,2,49,2,1,23,nil
id,3,49,2,2,23,nil
id,1,5,2,1,24,nil
id,4,5,2,2,24,nil
id,1,18,2,1,24,nil
id,5,18,2,2,24,nil
id,1,30,2,1,24,nil
id,6,30,2,2,24,nil
id,1,40,2,1,24,nil
id,4,40,2,2,24,nil
id,1,46,2,1,24,nil
id,5,46,2,2,24,nil
id,1,10,2,1,25,nil
id,5,10,2,2,25,nil
id,1,28,2,1,25,nil
id,6,28,2,2,25,nil
id,2,33,2,1,25,nil
id,6,33,2,2,25,nil
id,1,44,2,1,25,nil
id,4,44,2,2,25,nil
id,1,5,2,1,26,nil
id,4,5,2,2,26,nil
id,2,14,2,1,26,nil
id,4,14,2,2,26,nil
id,1,21,2,1,26,nil
id,7,21,2,2,26,nil
id,1,35,2,1,26,nil
id,4,35,2,2,26,nil
id,2,44,2,1,26,nil
id,4,44,2,2,26,nil
id,2,5,2,1,27,nil
id,5,5,2,2,27,nil
id,1,19,2,1,27,nil
id,4,19,2,2,27,nil
id,1,22,2,1,27,nil
id,4,22,2,2,27,nil
id,1,31,2,1,27,nil
id,4,31,2,2,27,nil
id,1,50,2,1,27,nil
id,5,50,2,2,27,nil
id,1,2,2,1,28,nil
id,5,2,2,2,28,nil
id,1,12,2,1,28,nil
id,5,12,2,2,28,nil
id,1,30,2,1,28,nil
id,4,30,2,2,28,nil
id,1,38,2,1,28,nil
id,4,38,2,2,28,nil
id,1,41,2,1,28,nil
id,4,41,2,2,28,nil
id,1,3,2,1,29,nil
id,5,3,2,2,29,nil
id,2,20,2,1,29,nil
id,6,20,2,2,29,nil
id,1,30,2,1,29,nil
id,6,30,2,2,29,nil
id,1,38,2,1,29,nil
id,5,38,2,2,29,nil
id,1,45,2,1,29,nil
id,5,45,2,2,29,nil
id,2,7,2,1,30,nil
id,5,7,2,2,30,nil
id,1,19,2,1,30,nil
id,4,19,2,2,30,nil
id,1,30,2,1,30,nil
id,5,30,2,2,30,nil
id,1,33,2,1,30,nil
id,5,33,2,2,30,nil
id,1,50,2,1,30,nil
id,4,50,2,2,30,nil
id,1,1,2,1,31,nil
id,5,1,2,2,31,nil
id,1,12,2,1,31,nil
id,6,12,2,2,31,nil
id,1,30,2,1,31,nil
id,5,30,2,2,31,nil
id,1,34,2,1,31,nil
id,4,34,2,2,31,nil
id,1,42,2,1,31,nil
id,6,42,2,2,31,nil
id,1,4,2,1,32,nil
id,6,4,2,2,32,nil
id,2,20,2,1,32,nil
id,5,20,2,2,32,nil
id,2,27,2,1,32,nil
id,4,27,2,2,32,nil
id,1,37,2,1,32,nil
id,7,37,2,2,32,nil
id,2,42,2,1,32,nil
id,4,42,2,2,32,nil
id,1,5,2,1,33,nil
id,5,5,2,2,33,nil
id,2,17,2,1,33,nil
id,4,17,2,2,33,nil
id,2,26,2,1,33,nil
id,4,26,2,2,33,nil
id,1,33,2,1,33,nil
id,4,33,2,2,33,nil
id,2,41,2,1,33,nil
id,5,41,2,2,33,nil
id,2,10,2,1,34,nil
id,5,10,2,2,34,nil
id,1,19,2,1,34,nil
id,5,19,2,2,34,nil
id,2,26,2,1,34,nil
id,4,26,2,2,34,nil
id,1,40,2,1,34,nil
id,5,40,2,2,34,nil
id,1,50,2,1,34,nil
id,3,50,2,2,34,nil
id,1,7,2,1,35,nil
id,5,7,2,2,35,nil
id,1,14,2,1,35,nil
id,6,14,2,2,35,nil
id,2,23,2,1,35,nil
id,5,23,2,2,35,nil
id,2,39,2,1,35,nil
id,6,39,2,2,35,nil
id,2,47,2,1,35,nil
id,4,47,2,2,35,nil
id,1,10,2,1,36,nil
id,6,10,2,2,36,nil
id,1,19,2,1,36,nil
id,6,19,2,2,36,nil
id,1,22,2,1,36,nil
id,5,22,2,2,36,nil
id,2,35,2,1,36,nil
id,5,35,2,2,36,nil
id,1,46,2,1,36,nil
id,6,46,2,2,36,nil
id,1,2,2,1,37,nil
id,3,2,2,2,37,nil
id,1,13,2,1,37,nil
id,6,13,2,2,37,nil
id,1,21,2,1,37,nil
id,4,21,2,2,37,nil
id,1,33,2,1,37,nil
id,4,33,2,2,37,nil
id,2,42,2,1,37,nil
id,3,42,2,2,37,nil
id,1,10,2,1,38,nil
id,4,10,2,2,38,nil
id,1,12,2,1,38,nil
id,5,12,2,2,38,nil
id,1,22,2,1,38,nil
id,6,22,2,2,38,nil
id,1,34,2,1,38,nil
id,6,34,2,2,38,nil
id,2,45,2,1,38,nil
id,4,45,2,2,38,nil
id,1,10,2,1,39,nil
id,4,10,2,2,39,nil
id,2,13,2,1,39,nil
id,5,13,2,2,39,nil
id,1,26,2,1,39,nil
id,5,26,2,2,39,nil
id,1,33,2,1,39,nil
id,4,33,2,2,39,nil
id,1,49,2,1,39,nil
id,6,49,2,2,39,nil
id,2,2,2,1,40,nil
id,5,2,2,2,40,nil
id,1,20,2,1,40,nil
id,4,20,2,2,40,nil
id,1,22,2,1,40,nil
id,5,22,2,2,40,nil
id,2,33,2,1,40,nil
id,5,33,2,2,40,nil
id,1,42,2,1,40,nil
id,6,42,2,2,40,nil
id,2,8,2,1,41,nil
id,4,8,2,2,41,nil
id,1,15,2,1,41,nil
id,5,15,2,2,41,nil
id,1,30,2,1,41,nil
id,6,30,2,2,41,nil
id,2,39,2,1,41,nil
id,5,39,2,2,41,nil
id,1,43,2,1,41,nil
id,6,43,2,2,41,nil
id,1,10,2,1,42,nil
id,7,10,2,2,42,nil
id,1,17,2,1,42,nil
id,7,17,2,2,42,nil
id,1,29,2,1,42,nil
id,4,29,2,2,42,nil
id,1,35,2,1,42,nil
id,4,35,2,2,42,nil
id,2,42,2,1,42,nil
id,4,42,2,2,42,nil
id,2,4,2,1,43,nil
id,4,4,2,2,43,nil
id,2,30,2,1,43,nil
id,6,30,2,2,43,nil
id,1,36,2,1,43,nil
id,4,36,2,2,43,nil
id,1,42,2,1,43,nil
id,5,42,2,2,43,nil
id,1,5,2,1,44,nil
id,6,5,2,2,44,nil
id,1,12,2,1,44,nil
id,5,12,2,2,44,nil
id,1,24,2,1,44,nil
id,4,24,2,2,44,nil
id,1,35,2,1,44,nil
id,4,35,2,2,44,nil
id,2,41,2,1,44,nil
id,5,41,2,2,44,nil
id,2,4,2,1,45,nil
id,6,4,2,2,45,nil
id,1,24,2,1,45,nil
id,6,24,2,2,45,nil
id,1,32,2,1,45,nil
id,4,32,2,2,45,nil
id,1,50,2,1,45,nil
id,4,50,2,2,45,nil
id,1,4,2,1,46,nil
id,6,4,2,2,46,nil
id,1,18,2,1,46,nil
id,6,18,2,2,46,nil
id,1,30,2,1,46,nil
id,4,30,2,2,46,nil
id,1,48,2,1,46,nil
id,7,48,2,2,46,nil
id,1,6,2,1,47,nil
id,5,6,2,2,47,nil
id,1,25,2,1,47,nil
id,7,25,2,2,47,nil
id,1,38,2,1,47,nil
id,4,38,2,2,47,nil
id,1,42,2,1,47,nil
id,5,42,2,2,47,nil
id,1,8,2,1,48,nil
id,4,8,2,2,48,nil
id,1,11,2,1,48,nil
id,4,11,2,2,48,nil
id,1,28,2,1,48,nil
id,5,28,2,2,48,nil
id,1,39,2,1,48,nil
id,4,39,2,2,48,nil
id,1,43,2,1,48,nil
id,5,43,2,2,48,nil
id,2,2,2,1,49,nil
id,4,2,2,2,49,nil
id,1,19,2,1,49,nil
id,4,19,2,2,49,nil
id,1,26,2,1,49,nil
id,5,26,2,2,49,nil
id,1,32,2,1,49,nil
id,5,32,2,2,49,nil
id,1,48,2,1,49,nil
id,6,48,2,2,49,nil
id,1,6,2,1,50,nil
id,6,6,2,2,50,nil
id,1,17,2,1,50,nil
id,7,17,2,2,50,nil
id,2,28,2,1,50,nil
id,6,28,2,2,50,nil
id,1,39,2,1,50,nil
id,3,39,2,2,50,nil
id,1,41,2,1,50,nil
id,7,41,2,2,50,nil
id,1,10,3,1,1,nil
id,6,10,3,2,1,nil
id,1,20,3,1,1,nil
id,4,20,3,2,1,nil
id,1,30,3,1,1,nil
id,6,30,3,2,1,nil
id,1,31,3,1,1,nil
id,6,31,3,2,1,nil
id,1,10,3,1,2,nil
id,4,10,3,2,2,nil
id,1,17,3,1,2,nil
id,5,17,3,2,2,nil
id,1,21,3,1,2,nil
id,7,21,3,2,2,nil
id,1,34,3,1,2,nil
id,7,34,3,2,2,nil
id,2,43,3,1,2,nil
id,7,43,3,2,2,nil
id,1,2,3,1,3,nil
id,5,2,3,2,3,nil
id,1,13,3,1,3,nil
id,4,13,3,2,3,nil
id,1,25,3,1,3,nil
id,6,25,3,2,3,nil
id,1,31,3,1,3,nil
id,4,31,3,2,3,nil
id,1,49,3,1,3,nil
id,6,49,3,2,3,nil
id,1,6,3,1,4,nil
id,6,6,3,2,4,nil
id,2,12,3,1,4,nil
id,7,12,3,2,4,nil
id,1,36,3,1,4,nil
id,6,36,3,2,4,nil
id,1,41,3,1,4,nil
id,6,41,3,2,4,nil
id,1,3,3,1,5,nil
id,6,3,3,2,5,nil
id,1,19,3,1,5,nil
id,3,19,3,2,5,nil
id,2,23,3,1,5,nil
id,6,23,3,2,5,nil
id,2,36,3,1,5,nil
id,4,36,3,2,5,nil
id,1,48,3,1,5,nil
id,5,48,3,2,5,nil
id,2,8,3,1,6,nil
id,5,8,3,2,6,nil
id,1,14,3,1,6,nil
id,4,14,3,2,6,nil
id,2,30,3,1,6,nil
id,4,30,3,2,6,nil
id,2,38,3,1,6,nil
id,6,38,3,2,6,nil
id,1,47,3,1,6,nil
id,6,47,3,2,6,nil
id,2,6,3,1,7,nil
id,5,6,3,2,7,nil
id,1,17,3,1,7,nil
id,5,17,3,2,7,nil
id,2,30,3,1,7,nil
id,6,30,3,2,7,nil
id,1,31,3,1,7,nil
id,5,31,3,2,7,nil
id,1,44,3,1,7,nil
id,4,44,3,2,7,nil
id,1,1,3,1,8,nil
id,5,1,3,2,8,nil
id,2,12,3,1,8,nil
id,5,12,3,2,8,nil
id,1,22,3,1,8,nil
id,5,22,3,2,8,nil
id,2,39,3,1,8,nil
id,5,39,3,2,8,nil
id,2,46,3,1,8,nil
id,6,46,3,2,8,nil
id,1,6,3,1,9,nil
id,6,6,3,2,9,nil
id,1,12,3,1,9,nil
id,4,12,3,2,9,nil
id,2,25,3,1,9,nil
id,6,25,3,2,9,nil
id,2,39,3,1,9,nil
id,4,39,3,2,9,nil
id,1,50,3,1,9,nil
id,4,50,3,2,9,nil
id,2,3,3,1,10,nil
id,3,3,3,2,10,nil
id,1,13,3,1,10,nil
id,6,13,3,2,10,nil
id,1,25,3,1,10,nil
id,5,25,3,2,10,nil
id,2,39,3,1,10,nil
id,4,39,3,2,10,nil
id,1,42,3,1,10,nil
id,4,42,3,2,10,nil
id,2,8,3,1,11,nil
id,5,8,3,2,11,nil
id,1,17,3,1,11,nil
id,7,17,3,2,11,nil
id,2,22,3,1,11,nil
id,7,22,3,2,11,nil
id,1,34,3,1,11,nil
id,5,34,3,2,11,nil
id,1,45,3,1,11,nil
id,5,45,3,2,11,nil
id,2,3,3,1,12,nil
id,6,3,3,2,12,nil
id,1,20,3,1,12,nil
id,5,20,3,2,12,nil
id,1,30,3,1,12,nil
id,5,30,3,2,12,nil
id,1,38,3,1,12,nil
id,6,38,3,2,12,nil
id,2,47,3,1,12,nil
id,4,47,3,2,12,nil
id,1,1,3,1,13,nil
id,5,1,3,2,13,nil
id,2,19,3,1,13,nil
id,5,19,3,2,13,nil
id,1,25,3,1,13,nil
id,6,25,3,2,13,nil
id,1,31,3,1,13,nil
id,5,31,3,2,13,nil
id,2,11,3,1,14,nil
id,3,11,3,2,14,nil
id,2,23,3,1,14,nil
id,4,23,3,2,14,nil
id,1,40,3,1,14,nil
id,7,40,3,2,14,nil
id,1,50,3,1,14,nil
id,6,50,3,2,14,nil
id,2,8,3,1,15,nil
id,6,8,3,2,15,nil
id,2,18,3,1,15,nil
id,6,18,3,2,15,nil
id,2,25,3,1,15,nil
id,6,25,3,2,15,nil
id,1,31,3,1,15,nil
id,6,31,3,2,15,nil
id,1,41,3,1,15,nil
id,5,41,3,2,15,nil
id,1,10,3,1,16,nil
id,4,10,3,2,16,nil
id,1,12,3,1,16,nil
id,4,12,3,2,16,nil
id,2,26,3,1,16,nil
id,4,26,3,2,16,nil
id,1,33,3,1,16,nil
id,4,33,3,2,16,nil
id,1,43,3,1,16,nil
id,6,43,3,2,16,nil
id,1,7,3,1,17,nil
id,4,7,3,2,17,nil
id,1,21,3,1,17,nil
id,5,21,3,2,17,nil
id,1,50,3,1,17,nil
id,6,50,3,2,17,nil
id,1,8,3,1,18,nil
id,6,8,3,2,18,nil
id,1,12,3,1,18,nil
id,4,12,3,2,18,nil
id,2,25,3,1,18,nil
id,4,25,3,2,18,nil
id,2,36,3,1,18,nil
id,5,36,3,2,18,nil
id,2,49,3,1,18,nil
id,7,49,3,2,18,nil
id,1,4,3,1,19,nil
id,6,4,3,2,19,nil
id,2,19,3,1,19,nil
id,4,19,3,2,19,nil
id,1,23,3,1,19,nil
id,5,23,3,2,19,nil
id,1,37,3,1,19,nil
id,5,37,3,2,19,nil
id,2,46,3,1,19,nil
id,4,46,3,2,19,nil
id,1,10,3,1,20,nil
id,5,10,3,2,20,nil
id,1,15,3,1,20,nil
id,5,15,3,2,20,nil
id,1,23,3,1,20,nil
id,3,23,3,2,20,nil
id,1,37,3,1,20,nil
id,4,37,3,2,20,nil
id,1,43,3,1,20,nil
id,4,43,3,2,20,nil
id,2,7,3,1,21,nil
id,4,7,3,2,21,nil
id,2,16,3,1,21,nil
id,5,16,3,2,21,nil
id,1,30,3,1,21,nil
id,6,30,3,2,21,nil
id,1,36,3,1,21,nil
id,6,36,3,2,21,nil
id,2,47,3,1,21,nil
id,5,47,3,2,21,nil
id,1,2,3,1,22,nil
id,6,2,3,2,22,nil
id,1,19,3,1,22,nil
id,5,19,3,2,22,nil
id,1,30,3,1,22,nil
id,5,30,3,2,22,nil
id,1,38,3,1,22,nil
id,6,38,3,2,22,nil
id,2,45,3,1,22,nil
id,7,45,3,2,22,nil
id,1,4,3,1,23,nil
id,5,4,3,2,23,nil
id,1,15,3,1,23,nil
id,4,15,3,2,23,nil
id,2,22,3,1,23,nil
id,6,22,3,2,23,nil
id,2,40,3,1,23,nil
id,5,40,3,2,23,nil
id,1,49,3,1,23,nil
id,7,49,3,2,23,nil
id,1,5,3,1,24,nil
id,5,5,3,2,24,nil
id,1,18,3,1,24,nil
id,4,18,3,2,24,nil
id,1,30,3,1,24,nil
id,4,30,3,2,24,nil
id,2,40,3,1,24,nil
id,4,40,3,2,24,nil
id,1,46,3,1,24,nil
id,6,46,3,2,24,nil
id,2,10,3,1,25,nil
id,4,10,3,2,25,nil
id,1,11,3,1,25,nil
id,6,11,3,2,25,nil
id,1,28,3,1,25,nil
id,5,28,3,2,25,nil
id,1,33,3,1,25,nil
id,5,33,3,2,25,nil
id,2,44,3,1,25,nil
id,5,44,3,2,25,nil
id,2,5,3,1,26,nil
id,4,5,3,2,26,nil
id,2,14,3,1,26,nil
id,7,14,3,2,26,nil
id,1,21,3,1,26,nil
id,6,21,3,2,26,nil
id,2,35,3,1,26,nil
id,5,35,3,2,26,nil
id,2,44,3,1,26,nil
id,6,44,3,2,26,nil
id,2,5,3,1,27,nil
id,5,5,3,2,27,nil
id,2,19,3,1,27,nil
id,4,19,3,2,27,nil
id,2,22,3,1,27,nil
id,4,22,3,2,27,nil
id,1,31,3,1,27,nil
id,5,31,3,2,27,nil
id,2,50,3,1,27,nil
id,4,50,3,2,27,nil
id,1,2,3,1,28,nil
id,4,2,3,2,28,nil
id,1,12,3,1,28,nil
id,6,12,3,2,28,nil
id,1,30,3,1,28,nil
id,4,30,3,2,28,nil
id,1,38,3,1,28,nil
id,4,38,3,2,28,nil
id,1,41,3,1,28,nil
id,6,41,3,2,28,nil
id,1,3,3,1,29,nil
id,7,3,3,2,29,nil
id,1,20,3,1,29,nil
id,7,20,3,2,29,nil
id,2,30,3,1,29,nil
id,4,30,3,2,29,nil
id,2,38,3,1,29,nil
id,6,38,3,2,29,nil
id,1,45,3,1,29,nil
id,5,45,3,2,29,nil
id,1,7,3,1,30,nil
id,5,7,3,2,30,nil
id,1,19,3,1,30,nil
id,6,19,3,2,30,nil
id,1,30,3,1,30,nil
id,7,30,3,2,30,nil
id,1,33,3,1,30,nil
id,7,33,3,2,30,nil
id,1,50,3,1,30,nil
id,4,50,3,2,30,nil
id,1,1,3,1,31,nil
id,5,1,3,2,31,nil
id,1,12,3,1,31,nil
id,6,12,3,2,31,nil
id,1,30,3,1,31,nil
id,4,30,3,2,31,nil
id,2,34,3,1,31,nil
id,6,34,3,2,31,nil
id,1,42,3,1,31,nil
id,5,42,3,2,31,nil
id,1,4,3,1,32,nil
id,6,4,3,2,32,nil
id,1,20,3,1,32,nil
id,6,20,3,2,32,nil
id,1,27,3,1,32,nil
id,4,27,3,2,32,nil
id,2,37,3,1,32,nil
id,5,37,3,2,32,nil
id,2,42,3,1,32,nil
id,4,42,3,2,32,nil
id,1,5,3,1,33,nil
id,5,5,3,2,33,nil
id,2,17,3,1,33,nil
id,5,17,3,2,33,nil
id,2,26,3,1,33,nil
id,4,26,3,2,33,nil
id,1,33,3,1,33,nil
id,5,33,3,2,33,nil
id,1,41,3,1,33,nil
id,5,41,3,2,33,nil
id,2,10,3,1,34,nil
id,4,10,3,2,34,nil
id,1,19,3,1,34,nil
id,5,19,3,2,34,nil
id,1,26,3,1,34,nil
id,4,26,3,2,34,nil
id,1,40,3,1,34,nil
id,6,40,3,2,34,nil
id,2,50,3,1,34,nil
id,5,50,3,2,34,nil
id,1,7,3,1,35,nil
id,5,7,3,2,35,nil
id,2,14,3,1,35,nil
id,6,14,3,2,35,nil
id,2,23,3,1,35,nil
id,5,23,3,2,35,nil
id,1,39,3,1,35,nil
id,6,39,3,2,35,nil
id,1,47,3,1,35,nil
id,5,47,3,2,35,nil
id,1,10,3,1,36,nil
id,5,10,3,2,36,nil
id,1,19,3,1,36,nil
id,4,19,3,2,36,nil
id,1,22,3,1,36,nil
id,3,22,3,2,36,nil
id,2,35,3,1,36,nil
id,5,35,3,2,36,nil
id,1,46,3,1,36,nil
id,5,46,3,2,36,nil
id,1,2,3,1,37,nil
id,5,2,3,2,37,nil
id,1,13,3,1,37,nil
id,6,13,3,2,37,nil
id,1,21,3,1,37,nil
id,6,21,3,2,37,nil
id,1,33,3,1,37,nil
id,4,33,3,2,37,nil
id,2,42,3,1,37,nil
id,6,42,3,2,37,nil
id,1,10,3,1,38,nil
id,7,10,3,2,38,nil
id,1,12,3,1,38,nil
id,4,12,3,2,38,nil
id,1,22,3,1,38,nil
id,4,22,3,2,38,nil
id,2,34,3,1,38,nil
id,7,34,3,2,38,nil
id,2,45,3,1,38,nil
id,3,45,3,2,38,nil
id,1,10,3,1,39,nil
id,6,10,3,2,39,nil
id,1,13,3,1,39,nil
id,5,13,3,2,39,nil
id,1,26,3,1,39,nil
id,5,26,3,2,39,nil
id,1,33,3,1,39,nil
id,4,33,3,2,39,nil
id,1,49,3,1,39,nil
id,4,49,3,2,39,nil
id,2,2,3,1,40,nil
id,5,2,3,2,40,nil
id,2,20,3,1,40,nil
id,3,20,3,2,40,nil
id,2,22,3,1,40,nil
id,4,22,3,2,40,nil
id,1,33,3,1,40,nil
id,5,33,3,2,40,nil
id,1,42,3,1,40,nil
id,6,42,3,2,40,nil
id,1,8,3,1,41,nil
id,3,8,3,2,41,nil
id,1,15,3,1,41,nil
id,6,15,3,2,41,nil
id,2,30,3,1,41,nil
id,3,30,3,2,41,nil
id,1,39,3,1,41,nil
id,6,39,3,2,41,nil
id,1,43,3,1,41,nil
id,4,43,3,2,41,nil
id,1,10,3,1,42,nil
id,4,10,3,2,42,nil
id,2,17,3,1,42,nil
id,4,17,3,2,42,nil
id,2,29,3,1,42,nil
id,4,29,3,2,42,nil
id,2,35,3,1,42,nil
id,4,35,3,2,42,nil
id,1,42,3,1,42,nil
id,5,42,3,2,42,nil
id,1,4,3,1,43,nil
id,4,4,3,2,43,nil
id,2,12,3,1,43,nil
id,4,12,3,2,43,nil
id,1,30,3,1,43,nil
id,7,30,3,2,43,nil
id,2,36,3,1,43,nil
id,6,36,3,2,43,nil
id,2,42,3,1,43,nil
id,7,42,3,2,43,nil
id,1,5,3,1,44,nil
id,6,5,3,2,44,nil
id,1,12,3,1,44,nil
id,5,12,3,2,44,nil
id,1,24,3,1,44,nil
id,4,24,3,2,44,nil
id,1,35,3,1,44,nil
id,5,35,3,2,44,nil
id,1,41,3,1,44,nil
id,7,41,3,2,44,nil
id,2,4,3,1,45,nil
id,6,4,3,2,45,nil
id,2,17,3,1,45,nil
id,5,17,3,2,45,nil
id,1,24,3,1,45,nil
id,5,24,3,2,45,nil
id,1,32,3,1,45,nil
id,4,32,3,2,45,nil
id,2,50,3,1,45,nil
id,5,50,3,2,45,nil
id,1,4,3,1,46,nil
id,4,4,3,2,46,nil
id,2,18,3,1,46,nil
id,5,18,3,2,46,nil
id,1,30,3,1,46,nil
id,7,30,3,2,46,nil
id,1,39,3,1,46,nil
id,4,39,3,2,46,nil
id,1,48,3,1,46,nil
id,4,48,3,2,46,nil
id,1,6,3,1,47,nil
id,6,6,3,2,47,nil
id,2,18,3,1,47,nil
id,5,18,3,2,47,nil
id,1,25,3,1,47,nil
id,6,25,3,2,47,nil
id,1,42,3,1,47,nil
id,3,42,3,2,47,nil
id,1,8,3,1,48,nil
id,4,8,3,2,48,nil
id,1,11,3,1,48,nil
id,6,11,3,2,48,nil
id,1,39,3,1,48,nil
id,3,39,3,2,48,nil
id,2,43,3,1,48,nil
id,5,43,3,2,48,nil
id,1,2,3,1,49,nil
id,4,2,3,2,49,nil
id,1,19,3,1,49,nil
id,6,19,3,2,49,nil
id,1,26,3,1,49,nil
id,5,26,3,2,49,nil
id,1,32,3,1,49,nil
id,5,32,3,2,49,nil
id,1,48,3,1,49,nil
id,4,48,3,2,49,nil
id,1,6,3,1,50,nil
id,3,6,3,2,50,nil
id,1,17,3,1,50,nil
id,5,17,3,2,50,nil
id,2,28,3,1,50,nil
id,3,28,3,2,50,nil
id,1,39,3,1,50,nil
id,6,39,3,2,50,nil
id,1,41,3,1,50,nil
id,6,41,3,2,50,nil
id,1,10,4,1,1,nil
id,5,10,4,2,1,nil
id,1,20,4,1,1,nil
id,5,20,4,2,1,nil
id,1,30,4,1,1,nil
id,4,30,4,2,1,nil
id,1,31,4,1,1,nil
id,3,31,4,2,1,nil
id,1,50,4,1,1,nil
id,4,50,4,2,1,nil
id,1,10,4,1,2,nil
id,4,10,4,2,2,nil
id,1,17,4,1,2,nil
id,6,17,4,2,2,nil
id,1,21,4,1,2,nil
id,5,21,4,2,2,nil
id,1,34,4,1,2,nil
id,7,34,4,2,2,nil
id,1,43,4,1,2,nil
id,7,43,4,2,2,nil
id,1,2,4,1,3,nil
id,7,2,4,2,3,nil
id,1,13,4,1,3,nil
id,6,13,4,2,3,nil
id,1,25,4,1,3,nil
id,6,25,4,2,3,nil
id,1,31,4,1,3,nil
id,5,31,4,2,3,nil
id,1,49,4,1,3,nil
id,5,49,4,2,3,nil
id,2,6,4,1,4,nil
id,6,6,4,2,4,nil
id,1,12,4,1,4,nil
id,6,12,4,2,4,nil
id,1,22,4,1,4,nil
id,6,22,4,2,4,nil
id,1,36,4,1,4,nil
id,4,36,4,2,4,nil
id,1,41,4,1,4,nil
id,5,41,4,2,4,nil
id,1,3,4,1,5,nil
id,4,3,4,2,5,nil
id,1,19,4,1,5,nil
id,4,19,4,2,5,nil
id,1,23,4,1,5,nil
id,5,23,4,2,5,nil
id,1,36,4,1,5,nil
id,4,36,4,2,5,nil
id,1,48,4,1,5,nil
id,5,48,4,2,5,nil
id,1,8,4,1,6,nil
id,4,8,4,2,6,nil
id,2,14,4,1,6,nil
id,5,14,4,2,6,nil
id,1,30,4,1,6,nil
id,6,30,4,2,6,nil
id,1,38,4,1,6,nil
id,6,38,4,2,6,nil
id,2,47,4,1,6,nil
id,4,47,4,2,6,nil
id,1,6,4,1,7,nil
id,4,6,4,2,7,nil
id,2,17,4,1,7,nil
id,3,17,4,2,7,nil
id,1,30,4,1,7,nil
id,4,30,4,2,7,nil
id,2,31,4,1,7,nil
id,6,31,4,2,7,nil
id,2,44,4,1,7,nil
id,4,44,4,2,7,nil
id,2,1,4,1,8,nil
id,5,1,4,2,8,nil
id,2,12,4,1,8,nil
id,4,12,4,2,8,nil
id,2,22,4,1,8,nil
id,4,22,4,2,8,nil
id,2,39,4,1,8,nil
id,6,39,4,2,8,nil
id,2,46,4,1,8,nil
id,5,46,4,2,8,nil
id,1,6,4,1,9,nil
id,4,6,4,2,9,nil
id,1,12,4,1,9,nil
id,4,12,4,2,9,nil
id,2,25,4,1,9,nil
id,6,25,4,2,9,nil
id,2,50,4,1,9,nil
id,6,50,4,2,9,nil
id,2,3,4,1,10,nil
id,5,3,4,2,10,nil
id,1,13,4,1,10,nil
id,5,13,4,2,10,nil
id,2,25,4,1,10,nil
id,5,25,4,2,10,nil
id,1,39,4,1,10,nil
id,5,39,4,2,10,nil
id,2,42,4,1,10,nil
id,6,42,4,2,10,nil
id,2,8,4,1,11,nil
id,4,8,4,2,11,nil
id,1,17,4,1,11,nil
id,4,17,4,2,11,nil
id,1,22,4,1,11,nil
id,7,22,4,2,11,nil
id,1,34,4,1,11,nil
id,6,34,4,2,11,nil
id,1,45,4,1,11,nil
id,4,45,4,2,11,nil
id,1,3,4,1,12,nil
id,5,3,4,2,12,nil
id,2,20,4,1,12,nil
id,4,20,4,2,12,nil
id,1,30,4,1,12,nil
id,5,30,4,2,12,nil
id,2,38,4,1,12,nil
id,5,38,4,2,12,nil
id,1,47,4,1,12,nil
id,4,47,4,2,12,nil
id,2,1,4,1,13,nil
id,5,1,4,2,13,nil
id,2,19,4,1,13,nil
id,6,19,4,2,13,nil
id,2,25,4,1,13,nil
id,4,25,4,2,13,nil
id,2,31,4,1,13,nil
id,6,31,4,2,13,nil
id,1,43,4,1,13,nil
id,5,43,4,2,13,nil
id,1,2,4,1,14,nil
id,6,2,4,2,14,nil
id,2,11,4,1,14,nil
id,6,11,4,2,14,nil
id,2,23,4,1,14,nil
id,5,23,4,2,14,nil
id,1,40,4,1,14,nil
id,4,40,4,2,14,nil
id,1,50,4,1,14,nil
id,6,50,4,2,14,nil
id,1,8,4,1,15,nil
id,5,8,4,2,15,nil
id,2,18,4,1,15,nil
id,4,18,4,2,15,nil
id,1,25,4,1,15,nil
id,4,25,4,2,15,nil
id,1,31,4,1,15,nil
id,4,31,4,2,15,nil
id,2,41,4,1,15,nil
id,5,41,4,2,15,nil
id,2,10,4,1,16,nil
id,7,10,4,2,16,nil
id,2,12,4,1,16,nil
id,4,12,4,2,16,nil
id,1,26,4,1,16,nil
id,4,26,4,2,16,nil
id,1,33,4,1,16,nil
id,6,33,4,2,16,nil
id,1,7,4,1,17,nil
id,4,7,4,2,17,nil
id,1,18,4,1,17,nil
id,5,18,4,2,17,nil
id,1,21,4,1,17,nil
id,5,21,4,2,17,nil
id,1,36,4,1,17,nil
id,5,36,4,2,17,nil
id,1,50,4,1,17,nil
id,7,50,4,2,17,nil
id,1,8,4,1,18,nil
id,5,8,4,2,18,nil
id,1,12,4,1,18,nil
id,4,12,4,2,18,nil
id,1,25,4,1,18,nil
id,4,25,4,2,18,nil
id,1,36,4,1,18,nil
id,3,36,4,2,18,nil
id,2,49,4,1,18,nil
id,4,49,4,2,18,nil
id,2,4,4,1,19,nil
id,4,4,4,2,19,nil
id,1,19,4,1,19,nil
id,4,19,4,2,19,nil
id,1,23,4,1,19,nil
id,6,23,4,2,19,nil
id,1,37,4,1,19,nil
id,6,37,4,2,19,nil
id,1,46,4,1,19,nil
id,6,46,4,2,19,nil
id,2,10,4,1,20,nil
id,6,10,4,2,20,nil
id,1,15,4,1,20,nil
id,6,15,4,2,20,nil
id,1,23,4,1,20,nil
id,6,23,4,2,20,nil
id,1,37,4,1,20,nil
id,4,37,4,2,20,nil
id,2,43,4,1,20,nil
id,3,43,4,2,20,nil
id,2,7,4,1,21,nil
id,5,7,4,2,21,nil
id,1,16,4,1,21,nil
id,4,16,4,2,21,nil
id,2,30,4,1,21,nil
id,4,30,4,2,21,nil
id,1,36,4,1,21,nil
id,4,36,4,2,21,nil
id,2,47,4,1,21,nil
id,6,47,4,2,21,nil
id,1,2,4,1,22,nil
id,4,2,4,2,22,nil
id,2,19,4,1,22,nil
id,6,19,4,2,22,nil
id,1,30,4,1,22,nil
id,7,30,4,2,22,nil
id,2,38,4,1,22,nil
id,5,38,4,2,22,nil
id,1,45,4,1,22,nil
id,6,45,4,2,22,nil
id,2,4,4,1,23,nil
id,4,4,4,2,23,nil
id,1,15,4,1,23,nil
id,4,15,4,2,23,nil
id,2,22,4,1,23,nil
id,6,22,4,2,23,nil
id,2,40,4,1,23,nil
id,4,40,4,2,23,nil
id,1,49,4,1,23,nil
id,4,49,4,2,23,nil
id,1,5,4,1,24,nil
id,5,5,4,2,24,nil
id,1,18,4,1,24,nil
id,4,18,4,2,24,nil
id,2,30,4,1,24,nil
id,4,30,4,2,24,nil
id,1,40,4,1,24,nil
id,5,40,4,2,24,nil
id,1,46,4,1,24,nil
id,6,46,4,2,24,nil
id,1,10,4,1,25,nil
id,7,10,4,2,25,nil
id,1,11,4,1,25,nil
id,7,11,4,2,25,nil
id,1,28,4,1,25,nil
id,4,28,4,2,25,nil
id,1,33,4,1,25,nil
id,6,33,4,2,25,nil
id,1,44,4,1,25,nil
id,4,44,4,2,25,nil
id,2,5,4,1,26,nil
id,7,5,4,2,26,nil
id,2,14,4,1,26,nil
id,5,14,4,2,26,nil
id,2,21,4,1,26,nil
id,5,21,4,2,26,nil
id,2,35,4,1,26,nil
id,7,35,4,2,26,nil
id,2,44,4,1,26,nil
id,5,44,4,2,26,nil
id,2,5,4,1,27,nil
id,5,5,4,2,27,nil
id,2,19,4,1,27,nil
id,4,19,4,2,27,nil
id,1,22,4,1,27,nil
id,4,22,4,2,27,nil
id,2,31,4,1,27,nil
id,5,31,4,2,27,nil
id,1,50,4,1,27,nil
id,6,50,4,2,27,nil
id,1,2,4,1,28,nil
id,6,2,4,2,28,nil
id,1,12,4,1,28,nil
id,4,12,4,2,28,nil
id,1,30,4,1,28,nil
id,3,30,4,2,28,nil
id,1,38,4,1,28,nil
id,7,38,4,2,28,nil
id,1,41,4,1,28,nil
id,4,41,4,2,28,nil
id,1,3,4,1,29,nil
id,4,3,4,2,29,nil
id,1,20,4,1,29,nil
id,4,20,4,2,29,nil
id,2,30,4,1,29,nil
id,7,30,4,2,29,nil
id,2,38,4,1,29,nil
id,4,38,4,2,29,nil
id,1,45,4,1,29,nil
id,7,45,4,2,29,nil
id,1,7,4,1,30,nil
id,4,7,4,2,30,nil
id,1,19,4,1,30,nil
id,5,19,4,2,30,nil
id,1,30,4,1,30,nil
id,4,30,4,2,30,nil
id,1,33,4,1,30,nil
id,6,33,4,2,30,nil
id,1,50,4,1,30,nil
id,7,50,4,2,30,nil
id,1,1,4,1,31,nil
id,6,1,4,2,31,nil
id,2,12,4,1,31,nil
id,6,12,4,2,31,nil
id,1,30,4,1,31,nil
id,6,30,4,2,31,nil
id,1,34,4,1,31,nil
id,4,34,4,2,31,nil
id,2,42,4,1,31,nil
id,6,42,4,2,31,nil
id,1,4,4,1,32,nil
id,6,4,4,2,32,nil
id,2,20,4,1,32,nil
id,5,20,4,2,32,nil
id,2,27,4,1,32,nil
id,6,27,4,2,32,nil
id,2,37,4,1,32,nil
id,7,37,4,2,32,nil
id,1,42,4,1,32,nil
id,7,42,4,2,32,nil
id,1,5,4,1,33,nil
id,6,5,4,2,33,nil
id,1,17,4,1,33,nil
id,4,17,4,2,33,nil
id,1,26,4,1,33,nil
id,3,26,4,2,33,nil
id,1,33,4,1,33,nil
id,4,33,4,2,33,nil
id,1,41,4,1,33,nil
id,4,41,4,2,33,nil
id,1,10,4,1,34,nil
id,5,10,4,2,34,nil
id,2,19,4,1,34,nil
id,4,19,4,2,34,nil
id,1,26,4,1,34,nil
id,4,26,4,2,34,nil
id,1,40,4,1,34,nil
id,3,40,4,2,34,nil
id,1,50,4,1,34,nil
id,4,50,4,2,34,nil
id,1,7,4,1,35,nil
id,4,7,4,2,35,nil
id,2,14,4,1,35,nil
id,4,14,4,2,35,nil
id,1,23,4,1,35,nil
id,4,23,4,2,35,nil
id,1,39,4,1,35,nil
id,4,39,4,2,35,nil
id,2,47,4,1,35,nil
id,7,47,4,2,35,nil
id,1,10,4,1,36,nil
id,4,10,4,2,36,nil
id,2,19,4,1,36,nil
id,6,19,4,2,36,nil
id,1,22,4,1,36,nil
id,5,22,4,2,36,nil
id,1,35,4,1,36,nil
id,6,35,4,2,36,nil
id,1,46,4,1,36,nil
id,5,46,4,2,36,nil
id,2,2,4,1,37,nil
id,4,2,4,2,37,nil
id,1,13,4,1,37,nil
id,6,13,4,2,37,nil
id,1,21,4,1,37,nil
id,4,21,4,2,37,nil
id,1,33,4,1,37,nil
id,7,33,4,2,37,nil
id,1,42,4,1,37,nil
id,4,42,4,2,37,nil
id,1,10,4,1,38,nil
id,4,10,4,2,38,nil
id,2,12,4,1,38,nil
id,7,12,4,2,38,nil
id,2,22,4,1,38,nil
id,4,22,4,2,38,nil
id,1,34,4,1,38,nil
id,4,34,4,2,38,nil
id,1,45,4,1,38,nil
id,7,45,4,2,38,nil
id,1,10,4,1,39,nil
id,5,10,4,2,39,nil
id,1,13,4,1,39,nil
id,6,13,4,2,39,nil
id,1,26,4,1,39,nil
id,4,26,4,2,39,nil
id,1,33,4,1,39,nil
id,4,33,4,2,39,nil
id,1,49,4,1,39,nil
id,5,49,4,2,39,nil
id,2,2,4,1,40,nil
id,6,2,4,2,40,nil
id,1,20,4,1,40,nil
id,4,20,4,2,40,nil
id,1,33,4,1,40,nil
id,4,33,4,2,40,nil
id,1,42,4,1,40,nil
id,7,42,4,2,40,nil
id,1,8,4,1,41,nil
id,4,8,4,2,41,nil
id,1,15,4,1,41,nil
id,5,15,4,2,41,nil
id,1,30,4,1,41,nil
id,5,30,4,2,41,nil
id,1,43,4,1,41,nil
id,6,43,4,2,41,nil
id,1,10,4,1,42,nil
id,4,10,4,2,42,nil
id,1,17,4,1,42,nil
id,6,17,4,2,42,nil
id,2,29,4,1,42,nil
id,4,29,4,2,42,nil
id,1,35,4,1,42,nil
id,5,35,4,2,42,nil
id,1,42,4,1,42,nil
id,7,42,4,2,42,nil
id,2,12,4,1,43,nil
id,5,12,4,2,43,nil
id,1,30,4,1,43,nil
id,3,30,4,2,43,nil
id,2,36,4,1,43,nil
id,4,36,4,2,43,nil
id,1,42,4,1,43,nil
id,4,42,4,2,43,nil
id,1,5,4,1,44,nil
id,5,5,4,2,44,nil
id,1,12,4,1,44,nil
id,4,12,4,2,44,nil
id,1,24,4,1,44,nil
id,4,24,4,2,44,nil
id,1,35,4,1,44,nil
id,5,35,4,2,44,nil
id,1,41,4,1,44,nil
id,4,41,4,2,44,nil
id,2,4,4,1,45,nil
id,6,4,4,2,45,nil
id,1,17,4,1,45,nil
id,6,17,4,2,45,nil
id,2,24,4,1,45,nil
id,5,24,4,2,45,nil
id,2,32,4,1,45,nil
id,4,32,4,2,45,nil
id,2,50,4,1,45,nil
id,5,50,4,2,45,nil
id,1,4,4,1,46,nil
id,5,4,4,2,46,nil
id,1,18,4,1,46,nil
id,5,18,4,2,46,nil
id,2,30,4,1,46,nil
id,5,30,4,2,46,nil
id,1,39,4,1,46,nil
id,6,39,4,2,46,nil
id,2,48,4,1,46,nil
id,4,48,4,2,46,nil
id,2,6,4,1,47,nil
id,4,6,4,2,47,nil
id,1,18,4,1,47,nil
id,5,18,4,2,47,nil
id,2,25,4,1,47,nil
id,6,25,4,2,47,nil
id,1,38,4,1,47,nil
id,4,38,4,2,47,nil
id,2,42,4,1,47,nil
id,4,42,4,2,47,nil
id,1,8,4,1,48,nil
id,5,8,4,2,48,nil
id,1,11,4,1,48,nil
id,5,11,4,2,48,nil
id,1,28,4,1,48,nil
id,4,28,4,2,48,nil
id,1,39,4,1,48,nil
id,4,39,4,2,48,nil
id,1,43,4,1,48,nil
id,4,43,4,2,48,nil
id,1,2,4,1,49,nil
id,5,2,4,2,49,nil
id,1,19,4,1,49,nil
id,4,19,4,2,49,nil
id,1,26,4,1,49,nil
id,4,26,4,2,49,nil
id,1,32,4,1,49,nil
id,3,32,4,2,49,nil
id,1,48,4,1,49,nil
id,5,48,4,2,49,nil
id,1,6,4,1,50,nil
id,4,6,4,2,50,nil
id,2,17,4,1,50,nil
id,5,17,4,2,50,nil
id,1,28,4,1,50,nil
id,5,28,4,2,50,nil
id,2,39,4,1,50,nil
id,3,39,4,2,50,nil
id,1,41,4,1,50,nil
id,4,41,4,2,50,nil
id,2,10,5,1,1,nil
id,4,10,5,2,1,nil
id,1,20,5,1,1,nil
id,4,20,5,2,1,nil
id,1,30,5,1,1,nil
id,7,30,5,2,1,nil
id,1,31,5,1,1,nil
id,4,31,5,2,1,nil
id,1,50,5,1,1,nil
id,5,50,5,2,1,nil
id,1,10,5,1,2,nil
id,5,10,5,2,2,nil
id,1,17,5,1,2,nil
id,4,17,5,2,2,nil
id,1,21,5,1,2,nil
id,5,21,5,2,2,nil
id,1,34,5,1,2,nil
id,4,34,5,2,2,nil
id,1,43,5,1,2,nil
id,4,43,5,2,2,nil
id,1,2,5,1,3,nil
id,5,2,5,2,3,nil
id,1,13,5,1,3,nil
id,4,13,5,2,3,nil
id,1,25,5,1,3,nil
id,5,25,5,2,3,nil
id,1,31,5,1,3,nil
id,6,31,5,2,3,nil
id,1,49,5,1,3,nil
id,7,49,5,2,3,nil
id,1,6,5,1,4,nil
id,5,6,5,2,4,nil
id,1,12,5,1,4,nil
id,7,12,5,2,4,nil
id,1,22,5,1,4,nil
id,6,22,5,2,4,nil
id,2,36,5,1,4,nil
id,6,36,5,2,4,nil
id,1,41,5,1,4,nil
id,7,41,5,2,4,nil
id,1,3,5,1,5,nil
id,4,3,5,2,5,nil
id,1,19,5,1,5,nil
id,4,19,5,2,5,nil
id,1,23,5,1,5,nil
id,5,23,5,2,5,nil
id,1,36,5,1,5,nil
id,4,36,5,2,5,nil
id,1,48,5,1,5,nil
id,6,48,5,2,5,nil
id,1,8,5,1,6,nil
id,5,8,5,2,6,nil
id,1,14,5,1,6,nil
id,5,14,5,2,6,nil
id,2,30,5,1,6,nil
id,6,30,5,2,6,nil
id,1,38,5,1,6,nil
id,6,38,5,2,6,nil
id,1,47,5,1,6,nil
id,5,47,5,2,6,nil
id,1,6,5,1,7,nil
id,5,6,5,2,7,nil
id,2,17,5,1,7,nil
id,4,17,5,2,7,nil
id,1,30,5,1,7,nil
id,5,30,5,2,7,nil
id,2,31,5,1,7,nil
id,6,31,5,2,7,nil
id,1,44,5,1,7,nil
id,5,44,5,2,7,nil
id,2,1,5,1,8,nil
id,6,1,5,2,8,nil
id,1,12,5,1,8,nil
id,4,12,5,2,8,nil
id,1,22,5,1,8,nil
id,4,22,5,2,8,nil
id,1,39,5,1,8,nil
id,5,39,5,2,8,nil
id,1,46,5,1,8,nil
id,5,46,5,2,8,nil
id,1,6,5,1,9,nil
id,5,6,5,2,9,nil
id,1,12,5,1,9,nil
id,4,12,5,2,9,nil
id,2,25,5,1,9,nil
id,5,25,5,2,9,nil
id,1,50,5,1,9,nil
id,5,50,5,2,9,nil
id,2,13,5,1,10,nil
id,7,13,5,2,10,nil
id,2,25,5,1,10,nil
id,3,25,5,2,10,nil
id,2,39,5,1,10,nil
id,6,39,5,2,10,nil
id,2,42,5,1,10,nil
id,5,42,5,2,10,nil
id,1,8,5,1,11,nil
id,6,8,5,2,11,nil
id,2,17,5,1,11,nil
id,4,17,5,2,11,nil
id,1,22,5,1,11,nil
id,5,22,5,2,11,nil
id,1,34,5,1,11,nil
id,3,34,5,2,11,nil
id,1,45,5,1,11,nil
id,7,45,5,2,11,nil
id,2,3,5,1,12,nil
id,6,3,5,2,12,nil
id,1,20,5,1,12,nil
id,5,20,5,2,12,nil
id,1,30,5,1,12,nil
id,4,30,5,2,12,nil
id,2,38,5,1,12,nil
id,5,38,5,2,12,nil
id,1,47,5,1,12,nil
id,3,47,5,2,12,nil
id,1,19,5,1,13,nil
id,5,19,5,2,13,nil
id,2,25,5,1,13,nil
id,5,25,5,2,13,nil
id,1,31,5,1,13,nil
id,4,31,5,2,13,nil
id,2,43,5,1,13,nil
id,5,43,5,2,13,nil
id,1,2,5,1,14,nil
id,6,2,5,2,14,nil
id,1,11,5,1,14,nil
id,3,11,5,2,14,nil
id,1,23,5,1,14,nil
id,5,23,5,2,14,nil
id,1,40,5,1,14,nil
id,7,40,5,2,14,nil
id,2,50,5,1,14,nil
id,7,50,5,2,14,nil
id,2,8,5,1,15,nil
id,4,8,5,2,15,nil
id,2,18,5,1,15,nil
id,4,18,5,2,15,nil
id,1,25,5,1,15,nil
id,6,25,5,2,15,nil
id,1,31,5,1,15,nil
id,5,31,5,2,15,nil
id,2,41,5,1,15,nil
id,5,41,5,2,15,nil
id,1,10,5,1,16,nil
id,6,10,5,2,16,nil
id,1,12,5,1,16,nil
id,4,12,5,2,16,nil
id,1,26,5,1,16,nil
id,4,26,5,2,16,nil
id,2,33,5,1,16,nil
id,6,33,5,2,16,nil
id,2,43,5,1,16,nil
id,6,43,5,2,16,nil
id,1,7,5,1,17,nil
id,7,7,5,2,17,nil
id,1,18,5,1,17,nil
id,6,18,5,2,17,nil
id,1,36,5,1,17,nil
id,5,36,5,2,17,nil
id,1,50,5,1,17,nil
id,6,50,5,2,17,nil
id,1,8,5,1,18,nil
id,4,8,5,2,18,nil
id,1,12,5,1,18,nil
id,4,12,5,2,18,nil
id,1,25,5,1,18,nil
id,5,25,5,2,18,nil
id,2,36,5,1,18,nil
id,4,36,5,2,18,nil
id,2,49,5,1,18,nil
id,6,49,5,2,18,nil
id,1,4,5,1,19,nil
id,5,4,5,2,19,nil
id,2,19,5,1,19,nil
id,7,19,5,2,19,nil
id,1,23,5,1,19,nil
id,5,23,5,2,19,nil
id,1,37,5,1,19,nil
id,6,37,5,2,19,nil
id,1,46,5,1,19,nil
id,3,46,5,2,19,nil
id,1,10,5,1,20,nil
id,6,10,5,2,20,nil
id,1,15,5,1,20,nil
id,5,15,5,2,20,nil
id,1,23,5,1,20,nil
id,4,23,5,2,20,nil
id,1,43,5,1,20,nil
id,4,43,5,2,20,nil
id,1,7,5,1,21,nil
id,6,7,5,2,21,nil
id,1,16,5,1,21,nil
id,5,16,5,2,21,nil
id,2,30,5,1,21,nil
id,5,30,5,2,21,nil
id,2,36,5,1,21,nil
id,4,36,5,2,21,nil
id,2,47,5,1,21,nil
id,5,47,5,2,21,nil
id,2,19,5,1,22,nil
id,5,19,5,2,22,nil
id,1,30,5,1,22,nil
id,5,30,5,2,22,nil
id,1,38,5,1,22,nil
id,5,38,5,2,22,nil
id,2,45,5,1,22,nil
id,5,45,5,2,22,nil
id,1,4,5,1,23,nil
id,6,4,5,2,23,nil
id,1,15,5,1,23,nil
id,5,15,5,2,23,nil
id,1,22,5,1,23,nil
id,4,22,5,2,23,nil
id,1,40,5,1,23,nil
id,3,40,5,2,23,nil
id,1,49,5,1,23,nil
id,6,49,5,2,23,nil
id,1,5,5,1,24,nil
id,4,5,5,2,24,nil
id,1,18,5,1,24,nil
id,7,18,5,2,24,nil
id,1,30,5,1,24,nil
id,5,30,5,2,24,nil
id,2,40,5,1,24,nil
id,5,40,5,2,24,nil
id,2,10,5,1,25,nil
id,5,10,5,2,25,nil
id,2,11,5,1,25,nil
id,5,11,5,2,25,nil
id,1,28,5,1,25,nil
id,5,28,5,2,25,nil
id,2,33,5,1,25,nil
id,6,33,5,2,25,nil
id,2,44,5,1,25,nil
id,6,44,5,2,25,nil
id,1,5,5,1,26,nil
id,4,5,5,2,26,nil
id,1,14,5,1,26,nil
id,5,14,5,2,26,nil
id,2,35,5,1,26,nil
id,5,35,5,2,26,nil
id,1,44,5,1,26,nil
id,5,44,5,2,26,nil
id,2,5,5,1,27,nil
id,5,5,5,2,27,nil
id,2,19,5,1,27,nil
id,6,19,5,2,27,nil
id,1,22,5,1,27,nil
id,5,22,5,2,27,nil
id,1,31,5,1,27,nil
id,4,31,5,2,27,nil
id,2,50,5,1,27,nil
id,4,50,5,2,27,nil
id,1,2,5,1,28,nil
id,3,2,5,2,28,nil
id,1,12,5,1,28,nil
id,4,12,5,2,28,nil
id,1,30,5,1,28,nil
id,4,30,5,2,28,nil
id,1,38,5,1,28,nil
id,5,38,5,2,28,nil
id,1,41,5,1,28,nil
id,4,41,5,2,28,nil
id,1,3,5,1,29,nil
id,5,3,5,2,29,nil
id,1,30,5,1,29,nil
id,3,30,5,2,29,nil
id,2,38,5,1,29,nil
id,4,38,5,2,29,nil
id,2,45,5,1,29,nil
id,7,45,5,2,29,nil
id,1,7,5,1,30,nil
id,4,7,5,2,30,nil
id,1,19,5,1,30,nil
id,5,19,5,2,30,nil
id,1,30,5,1,30,nil
id,7,30,5,2,30,nil
id,2,33,5,1,30,nil
id,4,33,5,2,30,nil
id,1,50,5,1,30,nil
id,4,50,5,2,30,nil
id,1,1,5,1,31,nil
id,7,1,5,2,31,nil
id,1,12,5,1,31,nil
id,3,12,5,2,31,nil
id,2,30,5,1,31,nil
id,6,30,5,2,31,nil
id,1,34,5,1,31,nil
id,5,34,5,2,31,nil
id,1,42,5,1,31,nil
id,4,42,5,2,31,nil
id,1,4,5,1,32,nil
id,4,4,5,2,32,nil
id,2,20,5,1,32,nil
id,5,20,5,2,32,nil
id,1,27,5,1,32,nil
id,5,27,5,2,32,nil
id,1,37,5,1,32,nil
id,4,37,5,2,32,nil
id,1,42,5,1,32,nil
id,6,42,5,2,32,nil
id,1,5,5,1,33,nil
id,6,5,5,2,33,nil
id,2,17,5,1,33,nil
id,4,17,5,2,33,nil
id,1,26,5,1,33,nil
id,7,26,5,2,33,nil
id,2,33,5,1,33,nil
id,4,33,5,2,33,nil
id,1,41,5,1,33,nil
id,6,41,5,2,33,nil
id,1,10,5,1,34,nil
id,4,10,5,2,34,nil
id,1,19,5,1,34,nil
id,3,19,5,2,34,nil
id,1,26,5,1,34,nil
id,4,26,5,2,34,nil
id,1,40,5,1,34,nil
id,6,40,5,2,34,nil
id,1,50,5,1,34,nil
id,4,50,5,2,34,nil
id,1,7,5,1,35,nil
id,4,7,5,2,35,nil
id,2,14,5,1,35,nil
id,5,14,5,2,35,nil
id,2,39,5,1,35,nil
id,5,39,5,2,35,nil
id,2,47,5,1,35,nil
id,4,47,5,2,35,nil
id,1,10,5,1,36,nil
id,4,10,5,2,36,nil
id,1,19,5,1,36,nil
id,4,19,5,2,36,nil
id,1,22,5,1,36,nil
id,5,22,5,2,36,nil
id,1,35,5,1,36,nil
id,6,35,5,2,36,nil
id,1,46,5,1,36,nil
id,5,46,5,2,36,nil
id,1,2,5,1,37,nil
id,7,2,5,2,37,nil
id,1,13,5,1,37,nil
id,6,13,5,2,37,nil
id,1,21,5,1,37,nil
id,3,21,5,2,37,nil
id,1,33,5,1,37,nil
id,4,33,5,2,37,nil
id,1,42,5,1,37,nil
id,4,42,5,2,37,nil
id,1,10,5,1,38,nil
id,4,10,5,2,38,nil
id,2,12,5,1,38,nil
id,5,12,5,2,38,nil
id,1,22,5,1,38,nil
id,5,22,5,2,38,nil
id,1,34,5,1,38,nil
id,4,34,5,2,38,nil
id,1,45,5,1,38,nil
id,4,45,5,2,38,nil
id,2,10,5,1,39,nil
id,4,10,5,2,39,nil
id,1,13,5,1,39,nil
id,4,13,5,2,39,nil
id,1,26,5,1,39,nil
id,4,26,5,2,39,nil
id,1,33,5,1,39,nil
id,3,33,5,2,39,nil
id,1,49,5,1,39,nil
id,5,49,5,2,39,nil
id,2,2,5,1,40,nil
id,4,2,5,2,40,nil
id,1,20,5,1,40,nil
id,6,20,5,2,40,nil
id,1,22,5,1,40,nil
id,5,22,5,2,40,nil
id,1,33,5,1,40,nil
id,4,33,5,2,40,nil
id,1,42,5,1,40,nil
id,5,42,5,2,40,nil
id,1,8,5,1,41,nil
id,6,8,5,2,41,nil
id,2,15,5,1,41,nil
id,5,15,5,2,41,nil
id,1,30,5,1,41,nil
id,4,30,5,2,41,nil
id,1,39,5,1,41,nil
id,6,39,5,2,41,nil
id,1,43,5,1,41,nil
id,7,43,5,2,41,nil
id,1,35,5,1,42,nil
id,6,35,5,2,42,nil
id,1,42,5,1,42,nil
id,4,42,5,2,42,nil
id,2,30,5,1,43,nil
id,6,30,5,2,43,nil
id,2,36,5,1,43,nil
id,4,36,5,2,43,nil
id,2,42,5,1,43,nil
id,4,42,5,2,43,nil
id,1,5,5,1,44,nil
id,5,5,5,2,44,nil
id,1,12,5,1,44,nil
id,4,12,5,2,44,nil
id,1,24,5,1,44,nil
id,4,24,5,2,44,nil
id,1,35,5,1,44,nil
id,7,35,5,2,44,nil
id,1,41,5,1,44,nil
id,5,41,5,2,44,nil
id,1,4,5,1,45,nil
id,5,4,5,2,45,nil
id,1,17,5,1,45,nil
id,4,17,5,2,45,nil
id,1,24,5,1,45,nil
id,6,24,5,2,45,nil
id,1,32,5,1,45,nil
id,5,32,5,2,45,nil
id,1,50,5,1,45,nil
id,7,50,5,2,45,nil
id,1,18,5,1,46,nil
id,4,18,5,2,46,nil
id,2,39,5,1,46,nil
id,4,39,5,2,46,nil
id,1,48,5,1,46,nil
id,5,48,5,2,46,nil
id,2,6,5,1,47,nil
id,5,6,5,2,47,nil
id,2,18,5,1,47,nil
id,4,18,5,2,47,nil
id,1,25,5,1,47,nil
id,6,25,5,2,47,nil
id,1,38,5,1,47,nil
id,5,38,5,2,47,nil
id,1,42,5,1,47,nil
id,6,42,5,2,47,nil
id,1,8,5,1,48,nil
id,4,8,5,2,48,nil
id,1,11,5,1,48,nil
id,4,11,5,2,48,nil
id,1,28,5,1,48,nil
id,6,28,5,2,48,nil
id,1,39,5,1,48,nil
id,4,39,5,2,48,nil
id,1,43,5,1,48,nil
id,5,43,5,2,48,nil
id,2,2,5,1,49,nil
id,3,2,5,2,49,nil
id,1,19,5,1,49,nil
id,4,19,5,2,49,nil
id,1,26,5,1,49,nil
id,6,26,5,2,49,nil
id,1,32,5,1,49,nil
id,4,32,5,2,49,nil
id,1,48,5,1,49,nil
id,5,48,5,2,49,nil
id,1,6,5,1,50,nil
id,5,6,5,2,50,nil
id,1,17,5,1,50,nil
id,5,17,5,2,50,nil
id,2,28,5,1,50,nil
id,6,28,5,2,50,nil
id,1,39,5,1,50,nil
id,5,39,5,2,50,nil
id,1,41,5,1,50,nil
id,4,41,5,2,50,nil
id,2,10,6,1,1,nil
id,7,10,6,2,1,nil
id,2,20,6,1,1,nil
id,5,20,6,2,1,nil
id,1,30,6,1,1,nil
id,5,30,6,2,1,nil
id,1,31,6,1,1,nil
id,6,31,6,2,1,nil
id,1,50,6,1,1,nil
id,6,50,6,2,1,nil
id,2,10,6,1,2,nil
id,4,10,6,2,2,nil
id,1,17,6,1,2,nil
id,4,17,6,2,2,nil
id,1,21,6,1,2,nil
id,5,21,6,2,2,nil
id,1,34,6,1,2,nil
id,6,34,6,2,2,nil
id,1,43,6,1,2,nil
id,7,43,6,2,2,nil
id,1,2,6,1,3,nil
id,6,2,6,2,3,nil
id,1,13,6,1,3,nil
id,4,13,6,2,3,nil
id,1,25,6,1,3,nil
id,4,25,6,2,3,nil
id,1,31,6,1,3,nil
id,4,31,6,2,3,nil
id,1,49,6,1,3,nil
id,6,49,6,2,3,nil
id,2,6,6,1,4,nil
id,4,6,6,2,4,nil
id,1,12,6,1,4,nil
id,6,12,6,2,4,nil
id,1,36,6,1,4,nil
id,5,36,6,2,4,nil
id,2,41,6,1,4,nil
id,6,41,6,2,4,nil
id,1,3,6,1,5,nil
id,4,3,6,2,5,nil
id,1,19,6,1,5,nil
id,5,19,6,2,5,nil
id,1,36,6,1,5,nil
id,4,36,6,2,5,nil
id,1,48,6,1,5,nil
id,4,48,6,2,5,nil
id,2,8,6,1,6,nil
id,6,8,6,2,6,nil
id,1,14,6,1,6,nil
id,6,14,6,2,6,nil
id,1,30,6,1,6,nil
id,6,30,6,2,6,nil
id,1,38,6,1,6,nil
id,4,38,6,2,6,nil
id,2,47,6,1,6,nil
id,5,47,6,2,6,nil
id,1,6,6,1,7,nil
id,4,6,6,2,7,nil
id,2,17,6,1,7,nil
id,5,17,6,2,7,nil
id,1,30,6,1,7,nil
id,5,30,6,2,7,nil
id,2,31,6,1,7,nil
id,5,31,6,2,7,nil
id,2,44,6,1,7,nil
id,6,44,6,2,7,nil
id,2,1,6,1,8,nil
id,4,1,6,2,8,nil
id,2,12,6,1,8,nil
id,4,12,6,2,8,nil
id,2,22,6,1,8,nil
id,7,22,6,2,8,nil
id,2,46,6,1,8,nil
id,5,46,6,2,8,nil
id,1,6,6,1,9,nil
id,5,6,6,2,9,nil
id,1,12,6,1,9,nil
id,4,12,6,2,9,nil
id,1,25,6,1,9,nil
id,5,25,6,2,9,nil
id,1,39,6,1,9,nil
id,6,39,6,2,9,nil
id,1,50,6,1,9,nil
id,7,50,6,2,9,nil
id,2,3,6,1,10,nil
id,4,3,6,2,10,nil
id,1,13,6,1,10,nil
id,4,13,6,2,10,nil
id,2,25,6,1,10,nil
id,4,25,6,2,10,nil
id,1,39,6,1,10,nil
id,3,39,6,2,10,nil
id,2,42,6,1,10,nil
id,4,42,6,2,10,nil
id,2,8,6,1,11,nil
id,6,8,6,2,11,nil
id,2,17,6,1,11,nil
id,6,17,6,2,11,nil
id,2,22,6,1,11,nil
id,6,22,6,2,11,nil
id,1,34,6,1,11,nil
id,5,34,6,2,11,nil
id,1,45,6,1,11,nil
id,7,45,6,2,11,nil
id,1,3,6,1,12,nil
id,5,3,6,2,12,nil
id,1,20,6,1,12,nil
id,5,20,6,2,12,nil
id,2,30,6,1,12,nil
id,7,30,6,2,12,nil
id,2,38,6,1,12,nil
id,6,38,6,2,12,nil
id,1,47,6,1,12,nil
id,6,47,6,2,12,nil
id,1,1,6,1,13,nil
id,5,1,6,2,13,nil
id,1,19,6,1,13,nil
id,5,19,6,2,13,nil
id,2,25,6,1,13,nil
id,4,25,6,2,13,nil
id,1,31,6,1,13,nil
id,6,31,6,2,13,nil
id,1,43,6,1,13,nil
id,5,43,6,2,13,nil
id,1,2,6,1,14,nil
id,6,2,6,2,14,nil
id,1,11,6,1,14,nil
id,7,11,6,2,14,nil
id,1,23,6,1,14,nil
id,5,23,6,2,14,nil
id,1,40,6,1,14,nil
id,4,40,6,2,14,nil
id,1,50,6,1,14,nil
id,4,50,6,2,14,nil
id,1,8,6,1,15,nil
id,4,8,6,2,15,nil
id,1,18,6,1,15,nil
id,4,18,6,2,15,nil
id,2,25,6,1,15,nil
id,4,25,6,2,15,nil
id,2,31,6,1,15,nil
id,5,31,6,2,15,nil
id,1,41,6,1,15,nil
id,4,41,6,2,15,nil
id,1,10,6,1,16,nil
id,4,10,6,2,16,nil
id,2,12,6,1,16,nil
id,4,12,6,2,16,nil
id,2,26,6,1,16,nil
id,4,26,6,2,16,nil
id,1,33,6,1,16,nil
id,4,33,6,2,16,nil
id,1,43,6,1,16,nil
id,7,43,6,2,16,nil
id,1,7,6,1,17,nil
id,7,7,6,2,17,nil
id,1,18,6,1,17,nil
id,6,18,6,2,17,nil
id,1,21,6,1,17,nil
id,6,21,6,2,17,nil
id,1,50,6,1,17,nil
id,5,50,6,2,17,nil
id,2,8,6,1,18,nil
id,3,8,6,2,18,nil
id,1,12,6,1,18,nil
id,4,12,6,2,18,nil
id,1,25,6,1,18,nil
id,4,25,6,2,18,nil
id,1,36,6,1,18,nil
id,6,36,6,2,18,nil
id,1,49,6,1,18,nil
id,3,49,6,2,18,nil
id,1,4,6,1,19,nil
id,6,4,6,2,19,nil
id,1,19,6,1,19,nil
id,3,19,6,2,19,nil
id,1,23,6,1,19,nil
id,4,23,6,2,19,nil
id,1,37,6,1,19,nil
id,6,37,6,2,19,nil
id,2,46,6,1,19,nil
id,4,46,6,2,19,nil
id,2,10,6,1,20,nil
id,5,10,6,2,20,nil
id,1,15,6,1,20,nil
id,5,15,6,2,20,nil
id,1,23,6,1,20,nil
id,4,23,6,2,20,nil
id,1,37,6,1,20,nil
id,6,37,6,2,20,nil
id,1,43,6,1,20,nil
id,5,43,6,2,20,nil
id,2,16,6,1,21,nil
id,5,16,6,2,21,nil
id,2,30,6,1,21,nil
id,4,30,6,2,21,nil
id,1,36,6,1,21,nil
id,5,36,6,2,21,nil
id,2,47,6,1,21,nil
id,7,47,6,2,21,nil
id,1,2,6,1,22,nil
id,4,2,6,2,22,nil
id,1,19,6,1,22,nil
id,5,19,6,2,22,nil
id,1,30,6,1,22,nil
id,4,30,6,2,22,nil
id,1,38,6,1,22,nil
id,5,38,6,2,22,nil
id,1,45,6,1,22,nil
id,5,45,6,2,22,nil
id,2,4,6,1,23,nil
id,6,4,6,2,23,nil
id,1,15,6,1,23,nil
id,4,15,6,2,23,nil
id,1,22,6,1,23,nil
id,4,22,6,2,23,nil
id,2,40,6,1,23,nil
id,4,40,6,2,23,nil
id,2,49,6,1,23,nil
id,4,49,6,2,23,nil
id,1,5,6,1,24,nil
id,6,5,6,2,24,nil
id,1,18,6,1,24,nil
id,4,18,6,2,24,nil
id,1,30,6,1,24,nil
id,6,30,6,2,24,nil
id,1,40,6,1,24,nil
id,5,40,6,2,24,nil
id,1,46,6,1,24,nil
id,4,46,6,2,24,nil
id,1,10,6,1,25,nil
id,5,10,6,2,25,nil
id,1,11,6,1,25,nil
id,5,11,6,2,25,nil
id,2,28,6,1,25,nil
id,5,28,6,2,25,nil
id,1,33,6,1,25,nil
id,5,33,6,2,25,nil
id,1,44,6,1,25,nil
id,5,44,6,2,25,nil
id,2,5,6,1,26,nil
id,6,5,6,2,26,nil
id,1,14,6,1,26,nil
id,6,14,6,2,26,nil
id,1,35,6,1,26,nil
id,6,35,6,2,26,nil
id,1,44,6,1,26,nil
id,5,44,6,2,26,nil
id,2,5,6,1,27,nil
id,5,5,6,2,27,nil
id,2,19,6,1,27,nil
id,6,19,6,2,27,nil
id,1,22,6,1,27,nil
id,5,22,6,2,27,nil
id,2,31,6,1,27,nil
id,4,31,6,2,27,nil
id,2,50,6,1,27,nil
id,4,50,6,2,27,nil
id,1,2,6,1,28,nil
id,4,2,6,2,28,nil
id,2,12,6,1,28,nil
id,4,12,6,2,28,nil
id,1,30,6,1,28,nil
id,4,30,6,2,28,nil
id,1,38,6,1,28,nil
id,3,38,6,2,28,nil
id,1,41,6,1,28,nil
id,6,41,6,2,28,nil
id,1,3,6,1,29,nil
id,5,3,6,2,29,nil
id,1,20,6,1,29,nil
id,4,20,6,2,29,nil
id,1,30,6,1,29,nil
id,5,30,6,2,29,nil
id,2,38,6,1,29,nil
id,7,38,6,2,29,nil
id,1,45,6,1,29,nil
id,5,45,6,2,29,nil
id,1,7,6,1,30,nil
id,4,7,6,2,30,nil
id,1,19,6,1,30,nil
id,4,19,6,2,30,nil
id,1,30,6,1,30,nil
id,5,30,6,2,30,nil
id,1,33,6,1,30,nil
id,6,33,6,2,30,nil
id,1,50,6,1,30,nil
id,5,50,6,2,30,nil
id,2,1,6,1,31,nil
id,3,1,6,2,31,nil
id,1,12,6,1,31,nil
id,4,12,6,2,31,nil
id,1,30,6,1,31,nil
id,4,30,6,2,31,nil
id,1,34,6,1,31,nil
id,4,34,6,2,31,nil
id,1,42,6,1,31,nil
id,4,42,6,2,31,nil
id,1,4,6,1,32,nil
id,4,4,6,2,32,nil
id,2,20,6,1,32,nil
id,5,20,6,2,32,nil
id,1,27,6,1,32,nil
id,6,27,6,2,32,nil
id,1,37,6,1,32,nil
id,6,37,6,2,32,nil
id,2,42,6,1,32,nil
id,5,42,6,2,32,nil
id,1,5,6,1,33,nil
id,4,5,6,2,33,nil
id,2,17,6,1,33,nil
id,3,17,6,2,33,nil
id,1,26,6,1,33,nil
id,5,26,6,2,33,nil
id,2,33,6,1,33,nil
id,5,33,6,2,33,nil
id,1,41,6,1,33,nil
id,6,41,6,2,33,nil
id,1,10,6,1,34,nil
id,6,10,6,2,34,nil
id,1,19,6,1,34,nil
id,3,19,6,2,34,nil
id,1,26,6,1,34,nil
id,5,26,6,2,34,nil
id,2,40,6,1,34,nil
id,3,40,6,2,34,nil
id,1,50,6,1,34,nil
id,4,50,6,2,34,nil
id,1,7,6,1,35,nil
id,6,7,6,2,35,nil
id,2,14,6,1,35,nil
id,6,14,6,2,35,nil
id,1,23,6,1,35,nil
id,4,23,6,2,35,nil
id,1,39,6,1,35,nil
id,4,39,6,2,35,nil
id,1,47,6,1,35,nil
id,7,47,6,2,35,nil
id,2,10,6,1,36,nil
id,5,10,6,2,36,nil
id,1,19,6,1,36,nil
id,6,19,6,2,36,nil
id,1,22,6,1,36,nil
id,6,22,6,2,36,nil
id,2,35,6,1,36,nil
id,7,35,6,2,36,nil
id,1,13,6,1,37,nil
id,5,13,6,2,37,nil
id,1,21,6,1,37,nil
id,7,21,6,2,37,nil
id,1,42,6,1,37,nil
id,4,42,6,2,37,nil
id,2,10,6,1,38,nil
id,6,10,6,2,38,nil
id,1,12,6,1,38,nil
id,6,12,6,2,38,nil
id,1,22,6,1,38,nil
id,5,22,6,2,38,nil
id,2,34,6,1,38,nil
id,4,34,6,2,38,nil
id,1,45,6,1,38,nil
id,4,45,6,2,38,nil
id,1,10,6,1,39,nil
id,7,10,6,2,39,nil
id,1,13,6,1,39,nil
id,4,13,6,2,39,nil
id,1,26,6,1,39,nil
id,6,26,6,2,39,nil
id,2,33,6,1,39,nil
id,6,33,6,2,39,nil
id,2,49,6,1,39,nil
id,4,49,6,2,39,nil
id,2,20,6,1,40,nil
id,4,20,6,2,40,nil
id,1,22,6,1,40,nil
id,3,22,6,2,40,nil
id,2,33,6,1,40,nil
id,5,33,6,2,40,nil
id,1,42,6,1,40,nil
id,3,42,6,2,40,nil
id,1,8,6,1,41,nil
id,4,8,6,2,41,nil
id,1,15,6,1,41,nil
id,3,15,6,2,41,nil
id,1,30,6,1,41,nil
id,6,30,6,2,41,nil
id,1,39,6,1,41,nil
id,6,39,6,2,41,nil
id,1,43,6,1,41,nil
id,5,43,6,2,41,nil
id,1,10,6,1,42,nil
id,4,10,6,2,42,nil
id,1,17,6,1,42,nil
id,6,17,6,2,42,nil
id,1,29,6,1,42,nil
id,6,29,6,2,42,nil
id,1,35,6,1,42,nil
id,4,35,6,2,42,nil
id,2,42,6,1,42,nil
id,4,42,6,2,42,nil
id,1,4,6,1,43,nil
id,4,4,6,2,43,nil
id,2,12,6,1,43,nil
id,6,12,6,2,43,nil
id,2,30,6,1,43,nil
id,4,30,6,2,43,nil
id,2,36,6,1,43,nil
id,7,36,6,2,43,nil
id,1,42,6,1,43,nil
id,7,42,6,2,43,nil
id,1,5,6,1,44,nil
id,4,5,6,2,44,nil
id,1,12,6,1,44,nil
id,6,12,6,2,44,nil
id,1,24,6,1,44,nil
id,5,24,6,2,44,nil
id,1,35,6,1,44,nil
id,5,35,6,2,44,nil
id,1,41,6,1,44,nil
id,4,41,6,2,44,nil
id,2,4,6,1,45,nil
id,6,4,6,2,45,nil
id,2,17,6,1,45,nil
id,4,17,6,2,45,nil
id,2,24,6,1,45,nil
id,7,24,6,2,45,nil
id,2,50,6,1,45,nil
id,5,50,6,2,45,nil
id,1,4,6,1,46,nil
id,4,4,6,2,46,nil
id,1,18,6,1,46,nil
id,5,18,6,2,46,nil
id,1,30,6,1,46,nil
id,3,30,6,2,46,nil
id,2,39,6,1,46,nil
id,6,39,6,2,46,nil
id,1,48,6,1,46,nil
id,5,48,6,2,46,nil
id,1,6,6,1,47,nil
id,4,6,6,2,47,nil
id,1,18,6,1,47,nil
id,6,18,6,2,47,nil
id,1,25,6,1,47,nil
id,6,25,6,2,47,nil
id,1,38,6,1,47,nil
id,6,38,6,2,47,nil
id,1,42,6,1,47,nil
id,3,42,6,2,47,nil
id,1,8,6,1,48,nil
id,5,8,6,2,48,nil
id,1,11,6,1,48,nil
id,6,11,6,2,48,nil
id,1,28,6,1,48,nil
id,5,28,6,2,48,nil
id,1,39,6,1,48,nil
id,6,39,6,2,48,nil
id,1,2,6,1,49,nil
id,7,2,6,2,49,nil
id,1,19,6,1,49,nil
id,6,19,6,2,49,nil
id,1,26,6,1,49,nil
id,6,26,6,2,49,nil
id,1,48,6,1,49,nil
id,6,48,6,2,49,nil
id,1,6,6,1,50,nil
id,4,6,6,2,50,nil
id,1,17,6,1,50,nil
id,7,17,6,2,50,nil
id,1,28,6,1,50,nil
id,5,28,6,2,50,nil
id,1,39,6,1,50,nil
id,4,39,6,2,50,nil
id,1,41,6,1,50,nil
id,4,41,6,2,50,nil
id,2,10,7,1,1,nil
id,4,10,7,2,1,nil
id,1,20,7,1,1,nil
id,4,20,7,2,1,nil
id,1,30,7,1,1,nil
id,3,30,7,2,1,nil
id,1,31,7,1,1,nil
id,6,31,7,2,1,nil
id,1,50,7,1,1,nil
id,4,50,7,2,1,nil
id,1,10,7,1,2,nil
id,6,10,7,2,2,nil
id,1,17,7,1,2,nil
id,5,17,7,2,2,nil
id,1,21,7,1,2,nil
id,4,21,7,2,2,nil
id,1,34,7,1,2,nil
id,5,34,7,2,2,nil
id,1,43,7,1,2,nil
id,6,43,7,2,2,nil
id,1,2,7,1,3,nil
id,4,2,7,2,3,nil
id,1,13,7,1,3,nil
id,6,13,7,2,3,nil
id,1,25,7,1,3,nil
id,4,25,7,2,3,nil
id,2,31,7,1,3,nil
id,5,31,7,2,3,nil
id,1,49,7,1,3,nil
id,5,49,7,2,3,nil
id,1,6,7,1,4,nil
id,5,6,7,2,4,nil
id,1,12,7,1,4,nil
id,7,12,7,2,4,nil
id,1,22,7,1,4,nil
id,4,22,7,2,4,nil
id,1,36,7,1,4,nil
id,6,36,7,2,4,nil
id,2,41,7,1,4,nil
id,7,41,7,2,4,nil
id,2,3,7,1,5,nil
id,3,3,7,2,5,nil
id,2,19,7,1,5,nil
id,4,19,7,2,5,nil
id,1,23,7,1,5,nil
id,4,23,7,2,5,nil
id,1,36,7,1,5,nil
id,6,36,7,2,5,nil
id,1,48,7,1,5,nil
id,3,48,7,2,5,nil
id,2,8,7,1,6,nil
id,4,8,7,2,6,nil
id,2,14,7,1,6,nil
id,4,14,7,2,6,nil
id,1,30,7,1,6,nil
id,3,30,7,2,6,nil
id,1,38,7,1,6,nil
id,5,38,7,2,6,nil
id,2,47,7,1,6,nil
id,3,47,7,2,6,nil
id,2,6,7,1,7,nil
id,4,6,7,2,7,nil
id,1,17,7,1,7,nil
id,7,17,7,2,7,nil
id,2,30,7,1,7,nil
id,5,30,7,2,7,nil
id,2,31,7,1,7,nil
id,5,31,7,2,7,nil
id,2,44,7,1,7,nil
id,3,44,7,2,7,nil
id,2,1,7,1,8,nil
id,4,1,7,2,8,nil
id,2,12,7,1,8,nil
id,3,12,7,2,8,nil
id,2,22,7,1,8,nil
id,4,22,7,2,8,nil
id,2,39,7,1,8,nil
id,7,39,7,2,8,nil
id,2,46,7,1,8,nil
id,6,46,7,2,8,nil
id,1,6,7,1,9,nil
id,6,6,7,2,9,nil
id,1,12,7,1,9,nil
id,5,12,7,2,9,nil
id,1,25,7,1,9,nil
id,5,25,7,2,9,nil
id,1,39,7,1,9,nil
id,6,39,7,2,9,nil
id,2,50,7,1,9,nil
id,6,50,7,2,9,nil
id,2,13,7,1,10,nil
id,5,13,7,2,10,nil
id,2,25,7,1,10,nil
id,5,25,7,2,10,nil
id,2,39,7,1,10,nil
id,4,39,7,2,10,nil
id,2,8,7,1,11,nil
id,5,8,7,2,11,nil
id,2,17,7,1,11,nil
id,5,17,7,2,11,nil
id,2,22,7,1,11,nil
id,5,22,7,2,11,nil
id,2,34,7,1,11,nil
id,5,34,7,2,11,nil
id,2,45,7,1,11,nil
id,6,45,7,2,11,nil
id,2,3,7,1,12,nil
id,5,3,7,2,12,nil
id,1,20,7,1,12,nil
id,3,20,7,2,12,nil
id,1,30,7,1,12,nil
id,5,30,7,2,12,nil
id,1,38,7,1,12,nil
id,5,38,7,2,12,nil
id,1,47,7,1,12,nil
id,5,47,7,2,12,nil
id,2,1,7,1,13,nil
id,5,1,7,2,13,nil
id,1,19,7,1,13,nil
id,4,19,7,2,13,nil
id,1,25,7,1,13,nil
id,6,25,7,2,13,nil
id,1,31,7,1,13,nil
id,6,31,7,2,13,nil
id,1,43,7,1,13,nil
id,6,43,7,2,13,nil
id,1,2,7,1,14,nil
id,4,2,7,2,14,nil
id,1,23,7,1,14,nil
id,5,23,7,2,14,nil
id,1,40,7,1,14,nil
id,5,40,7,2,14,nil
id,1,50,7,1,14,nil
id,5,50,7,2,14,nil
id,1,8,7,1,15,nil
id,6,8,7,2,15,nil
id,2,18,7,1,15,nil
id,5,18,7,2,15,nil
id,2,25,7,1,15,nil
id,5,25,7,2,15,nil
id,2,31,7,1,15,nil
id,6,31,7,2,15,nil
id,1,41,7,1,15,nil
id,6,41,7,2,15,nil
id,2,10,7,1,16,nil
id,6,10,7,2,16,nil
id,1,12,7,1,16,nil
id,5,12,7,2,16,nil
id,1,33,7,1,16,nil
id,6,33,7,2,16,nil
id,1,43,7,1,16,nil
id,6,43,7,2,16,nil
id,1,7,7,1,17,nil
id,6,7,7,2,17,nil
id,1,21,7,1,17,nil
id,4,21,7,2,17,nil
id,1,36,7,1,17,nil
id,5,36,7,2,17,nil
id,1,50,7,1,17,nil
id,6,50,7,2,17,nil
id,2,8,7,1,18,nil
id,4,8,7,2,18,nil
id,1,12,7,1,18,nil
id,6,12,7,2,18,nil
id,2,25,7,1,18,nil
id,6,25,7,2,18,nil
id,2,36,7,1,18,nil
id,6,36,7,2,18,nil
id,1,49,7,1,18,nil
id,6,49,7,2,18,nil
id,2,4,7,1,19,nil
id,6,4,7,2,19,nil
id,1,23,7,1,19,nil
id,5,23,7,2,19,nil
id,2,46,7,1,19,nil
id,3,46,7,2,19,nil
id,1,10,7,1,20,nil
id,5,10,7,2,20,nil
id,1,15,7,1,20,nil
id,3,15,7,2,20,nil
id,2,23,7,1,20,nil
id,4,23,7,2,20,nil
id,1,37,7,1,20,nil
id,3,37,7,2,20,nil
id,1,43,7,1,20,nil
id,6,43,7,2,20,nil
id,2,7,7,1,21,nil
id,5,7,7,2,21,nil
id,1,16,7,1,21,nil
id,5,16,7,2,21,nil
id,2,30,7,1,21,nil
id,5,30,7,2,21,nil
id,2,36,7,1,21,nil
id,5,36,7,2,21,nil
id,1,47,7,1,21,nil
id,5,47,7,2,21,nil
id,1,2,7,1,22,nil
id,5,2,7,2,22,nil
id,2,19,7,1,22,nil
id,5,19,7,2,22,nil
id,1,38,7,1,22,nil
id,6,38,7,2,22,nil
id,1,45,7,1,22,nil
id,6,45,7,2,22,nil
id,2,4,7,1,23,nil
id,5,4,7,2,23,nil
id,1,15,7,1,23,nil
id,3,15,7,2,23,nil
id,1,22,7,1,23,nil
id,5,22,7,2,23,nil
id,2,40,7,1,23,nil
id,6,40,7,2,23,nil
id,2,49,7,1,23,nil
id,5,49,7,2,23,nil
id,1,5,7,1,24,nil
id,6,5,7,2,24,nil
id,1,18,7,1,24,nil
id,4,18,7,2,24,nil
id,1,30,7,1,24,nil
id,7,30,7,2,24,nil
id,1,40,7,1,24,nil
id,3,40,7,2,24,nil
id,2,46,7,1,24,nil
id,5,46,7,2,24,nil
id,2,10,7,1,25,nil
id,6,10,7,2,25,nil
id,2,28,7,1,25,nil
id,4,28,7,2,25,nil
id,1,33,7,1,25,nil
id,4,33,7,2,25,nil
id,2,44,7,1,25,nil
id,6,44,7,2,25,nil
id,1,5,7,1,26,nil
id,4,5,7,2,26,nil
id,1,14,7,1,26,nil
id,4,14,7,2,26,nil
id,2,21,7,1,26,nil
id,5,21,7,2,26,nil
id,2,35,7,1,26,nil
id,7,35,7,2,26,nil
id,1,44,7,1,26,nil
id,4,44,7,2,26,nil
id,2,5,7,1,27,nil
id,3,5,7,2,27,nil
id,2,19,7,1,27,nil
id,5,19,7,2,27,nil
id,1,22,7,1,27,nil
id,4,22,7,2,27,nil
id,2,31,7,1,27,nil
id,5,31,7,2,27,nil
id,2,50,7,1,27,nil
id,7,50,7,2,27,nil
id,1,2,7,1,28,nil
id,5,2,7,2,28,nil
id,1,12,7,1,28,nil
id,4,12,7,2,28,nil
id,1,30,7,1,28,nil
id,4,30,7,2,28,nil
id,1,38,7,1,28,nil
id,5,38,7,2,28,nil
id,1,41,7,1,28,nil
id,4,41,7,2,28,nil
id,1,3,7,1,29,nil
id,6,3,7,2,29,nil
id,1,20,7,1,29,nil
id,6,20,7,2,29,nil
id,2,30,7,1,29,nil
id,5,30,7,2,29,nil
id,2,38,7,1,29,nil
id,4,38,7,2,29,nil
id,1,45,7,1,29,nil
id,5,45,7,2,29,nil
id,1,7,7,1,30,nil
id,4,7,7,2,30,nil
id,1,19,7,1,30,nil
id,6,19,7,2,30,nil
id,1,30,7,1,30,nil
id,5,30,7,2,30,nil
id,1,33,7,1,30,nil
id,4,33,7,2,30,nil
id,1,50,7,1,30,nil
id,5,50,7,2,30,nil
id,2,1,7,1,31,nil
id,4,1,7,2,31,nil
id,2,12,7,1,31,nil
id,6,12,7,2,31,nil
id,1,30,7,1,31,nil
id,5,30,7,2,31,nil
id,1,34,7,1,31,nil
id,7,34,7,2,31,nil
id,1,42,7,1,31,nil
id,5,42,7,2,31,nil
id,2,4,7,1,32,nil
id,4,4,7,2,32,nil
id,2,20,7,1,32,nil
id,6,20,7,2,32,nil
id,1,27,7,1,32,nil
id,4,27,7,2,32,nil
id,2,37,7,1,32,nil
id,6,37,7,2,32,nil
id,2,42,7,1,32,nil
id,4,42,7,2,32,nil
id,1,5,7,1,33,nil
id,5,5,7,2,33,nil
id,1,17,7,1,33,nil
id,5,17,7,2,33,nil
id,1,26,7,1,33,nil
id,6,26,7,2,33,nil
id,2,33,7,1,33,nil
id,5,33,7,2,33,nil
id,2,41,7,1,33,nil
id,5,41,7,2,33,nil
id,2,10,7,1,34,nil
id,6,10,7,2,34,nil
id,2,19,7,1,34,nil
id,4,19,7,2,34,nil
id,2,26,7,1,34,nil
id,4,26,7,2,34,nil
id,2,40,7,1,34,nil
id,4,40,7,2,34,nil
id,1,50,7,1,34,nil
id,4,50,7,2,34,nil
id,1,7,7,1,35,nil
id,4,7,7,2,35,nil
id,2,14,7,1,35,nil
id,7,14,7,2,35,nil
id,1,39,7,1,35,nil
id,5,39,7,2,35,nil
id,1,47,7,1,35,nil
id,4,47,7,2,35,nil
id,1,19,7,1,36,nil
id,6,19,7,2,36,nil
id,1,22,7,1,36,nil
id,4,22,7,2,36,nil
id,1,35,7,1,36,nil
id,4,35,7,2,36,nil
id,1,46,7,1,36,nil
id,5,46,7,2,36,nil
id,1,2,7,1,37,nil
id,3,2,7,2,37,nil
id,2,13,7,1,37,nil
id,4,13,7,2,37,nil
id,1,21,7,1,37,nil
id,7,21,7,2,37,nil
id,1,33,7,1,37,nil
id,5,33,7,2,37,nil
id,2,42,7,1,37,nil
id,4,42,7,2,37,nil
id,2,10,7,1,38,nil
id,6,10,7,2,38,nil
id,2,12,7,1,38,nil
id,4,12,7,2,38,nil
id,1,22,7,1,38,nil
id,4,22,7,2,38,nil
id,2,45,7,1,38,nil
id,7,45,7,2,38,nil
id,1,10,7,1,39,nil
id,4,10,7,2,39,nil
id,1,13,7,1,39,nil
id,5,13,7,2,39,nil
id,1,26,7,1,39,nil
id,5,26,7,2,39,nil
id,1,33,7,1,39,nil
id,5,33,7,2,39,nil
id,1,49,7,1,39,nil
id,4,49,7,2,39,nil
id,2,2,7,1,40,nil
id,4,2,7,2,40,nil
id,1,20,7,1,40,nil
id,4,20,7,2,40,nil
id,2,22,7,1,40,nil
id,4,22,7,2,40,nil
id,1,33,7,1,40,nil
id,4,33,7,2,40,nil
id,2,42,7,1,40,nil
id,6,42,7,2,40,nil
id,1,8,7,1,41,nil
id,6,8,7,2,41,nil
id,1,15,7,1,41,nil
id,5,15,7,2,41,nil
id,1,30,7,1,41,nil
id,4,30,7,2,41,nil
id,1,39,7,1,41,nil
id,6,39,7,2,41,nil
id,1,43,7,1,41,nil
id,4,43,7,2,41,nil
id,1,10,7,1,42,nil
id,6,10,7,2,42,nil
id,1,17,7,1,42,nil
id,5,17,7,2,42,nil
id,1,29,7,1,42,nil
id,7,29,7,2,42,nil
id,2,35,7,1,42,nil
id,6,35,7,2,42,nil
id,1,42,7,1,42,nil
id,4,42,7,2,42,nil
id,2,4,7,1,43,nil
id,4,4,7,2,43,nil
id,2,12,7,1,43,nil
id,7,12,7,2,43,nil
id,1,30,7,1,43,nil
id,5,30,7,2,43,nil
id,2,36,7,1,43,nil
id,5,36,7,2,43,nil
id,1,42,7,1,43,nil
id,3,42,7,2,43,nil
id,1,5,7,1,44,nil
id,6,5,7,2,44,nil
id,1,12,7,1,44,nil
id,5,12,7,2,44,nil
id,1,24,7,1,44,nil
id,5,24,7,2,44,nil
id,1,35,7,1,44,nil
id,4,35,7,2,44,nil
id,1,41,7,1,44,nil
id,5,41,7,2,44,nil
id,2,4,7,1,45,nil
id,5,4,7,2,45,nil
id,1,17,7,1,45,nil
id,6,17,7,2,45,nil
id,2,24,7,1,45,nil
id,5,24,7,2,45,nil
id,2,32,7,1,45,nil
id,6,32,7,2,45,nil
id,2,50,7,1,45,nil
id,5,50,7,2,45,nil
id,1,4,7,1,46,nil
id,6,4,7,2,46,nil
id,1,18,7,1,46,nil
id,4,18,7,2,46,nil
id,1,30,7,1,46,nil
id,6,30,7,2,46,nil
id,1,39,7,1,46,nil
id,4,39,7,2,46,nil
id,1,48,7,1,46,nil
id,6,48,7,2,46,nil
id,1,6,7,1,47,nil
id,6,6,7,2,47,nil
id,1,18,7,1,47,nil
id,5,18,7,2,47,nil
id,2,25,7,1,47,nil
id,7,25,7,2,47,nil
id,2,38,7,1,47,nil
id,5,38,7,2,47,nil
id,2,42,7,1,47,nil
id,6,42,7,2,47,nil
id,1,8,7,1,48,nil
id,5,8,7,2,48,nil
id,1,11,7,1,48,nil
id,4,11,7,2,48,nil
id,1,28,7,1,48,nil
id,4,28,7,2,48,nil
id,1,39,7,1,48,nil
id,4,39,7,2,48,nil
id,1,43,7,1,48,nil
id,5,43,7,2,48,nil
id,1,2,7,1,49,nil
id,6,2,7,2,49,nil
id,1,19,7,1,49,nil
id,5,19,7,2,49,nil
id,1,26,7,1,49,nil
id,5,26,7,2,49,nil
id,1,32,7,1,49,nil
id,6,32,7,2,49,nil
id,1,48,7,1,49,nil
id,4,48,7,2,49,nil
id,2,6,7,1,50,nil
id,5,6,7,2,50,nil
id,1,17,7,1,50,nil
id,4,17,7,2,50,nil
id,1,28,7,1,50,nil
id,7,28,7,2,50,nil
id,1,39,7,1,50,nil
id,5,39,7,2,50,nil
id,1,41,7,1,50,nil
id,4,41,7,2,50,nil
id,1,10,8,1,1,nil
id,4,10,8,2,1,nil
id,2,20,8,1,1,nil
id,3,20,8,2,1,nil
id,2,30,8,1,1,nil
id,6,30,8,2,1,nil
id,2,31,8,1,1,nil
id,4,31,8,2,1,nil
id,1,10,8,1,2,nil
id,6,10,8,2,2,nil
id,1,17,8,1,2,nil
id,7,17,8,2,2,nil
id,1,21,8,1,2,nil
id,6,21,8,2,2,nil
id,1,34,8,1,2,nil
id,6,34,8,2,2,nil
id,2,43,8,1,2,nil
id,5,43,8,2,2,nil
id,1,2,8,1,3,nil
id,5,2,8,2,3,nil
id,1,13,8,1,3,nil
id,6,13,8,2,3,nil
id,2,25,8,1,3,nil
id,7,25,8,2,3,nil
id,1,31,8,1,3,nil
id,4,31,8,2,3,nil
id,1,49,8,1,3,nil
id,6,49,8,2,3,nil
id,1,6,8,1,4,nil
id,5,6,8,2,4,nil
id,2,12,8,1,4,nil
id,5,12,8,2,4,nil
id,1,22,8,1,4,nil
id,7,22,8,2,4,nil
id,1,36,8,1,4,nil
id,6,36,8,2,4,nil
id,2,41,8,1,4,nil
id,4,41,8,2,4,nil
id,1,3,8,1,5,nil
id,4,3,8,2,5,nil
id,1,19,8,1,5,nil
id,4,19,8,2,5,nil
id,1,23,8,1,5,nil
id,6,23,8,2,5,nil
id,1,36,8,1,5,nil
id,4,36,8,2,5,nil
id,1,48,8,1,5,nil
id,6,48,8,2,5,nil
id,1,8,8,1,6,nil
id,4,8,8,2,6,nil
id,1,14,8,1,6,nil
id,6,14,8,2,6,nil
id,2,30,8,1,6,nil
id,4,30,8,2,6,nil
id,2,38,8,1,6,nil
id,4,38,8,2,6,nil
id,1,47,8,1,6,nil
id,4,47,8,2,6,nil
id,1,6,8,1,7,nil
id,5,6,8,2,7,nil
id,1,17,8,1,7,nil
id,4,17,8,2,7,nil
id,1,30,8,1,7,nil
id,6,30,8,2,7,nil
id,2,31,8,1,7,nil
id,4,31,8,2,7,nil
id,1,44,8,1,7,nil
id,6,44,8,2,7,nil
id,2,1,8,1,8,nil
id,5,1,8,2,8,nil
id,1,12,8,1,8,nil
id,6,12,8,2,8,nil
id,1,22,8,1,8,nil
id,4,22,8,2,8,nil
id,2,39,8,1,8,nil
id,5,39,8,2,8,nil
id,2,46,8,1,8,nil
id,7,46,8,2,8,nil
id,2,6,8,1,9,nil
id,4,6,8,2,9,nil
id,1,12,8,1,9,nil
id,5,12,8,2,9,nil
id,1,25,8,1,9,nil
id,6,25,8,2,9,nil
id,1,39,8,1,9,nil
id,7,39,8,2,9,nil
id,1,50,8,1,9,nil
id,5,50,8,2,9,nil
id,2,3,8,1,10,nil
id,6,3,8,2,10,nil
id,2,13,8,1,10,nil
id,7,13,8,2,10,nil
id,2,25,8,1,10,nil
id,5,25,8,2,10,nil
id,2,39,8,1,10,nil
id,3,39,8,2,10,nil
id,1,8,8,1,11,nil
id,6,8,8,2,11,nil
id,1,17,8,1,11,nil
id,6,17,8,2,11,nil
id,2,22,8,1,11,nil
id,7,22,8,2,11,nil
id,1,34,8,1,11,nil
id,5,34,8,2,11,nil
id,1,45,8,1,11,nil
id,5,45,8,2,11,nil
id,1,3,8,1,12,nil
id,5,3,8,2,12,nil
id,2,20,8,1,12,nil
id,4,20,8,2,12,nil
id,2,30,8,1,12,nil
id,5,30,8,2,12,nil
id,2,1,8,1,13,nil
id,3,1,8,2,13,nil
id,2,19,8,1,13,nil
id,7,19,8,2,13,nil
id,2,25,8,1,13,nil
id,4,25,8,2,13,nil
id,1,31,8,1,13,nil
id,5,31,8,2,13,nil
id,2,43,8,1,13,nil
id,4,43,8,2,13,nil
id,1,2,8,1,14,nil
id,4,2,8,2,14,nil
id,1,11,8,1,14,nil
id,5,11,8,2,14,nil
id,1,23,8,1,14,nil
id,6,23,8,2,14,nil
id,1,40,8,1,14,nil
id,4,40,8,2,14,nil
id,2,50,8,1,14,nil
id,6,50,8,2,14,nil
id,2,8,8,1,15,nil
id,5,8,8,2,15,nil
id,1,18,8,1,15,nil
id,4,18,8,2,15,nil
id,1,25,8,1,15,nil
id,4,25,8,2,15,nil
id,2,31,8,1,15,nil
id,5,31,8,2,15,nil
id,2,41,8,1,15,nil
id,5,41,8,2,15,nil
id,1,10,8,1,16,nil
id,3,10,8,2,16,nil
id,1,12,8,1,16,nil
id,5,12,8,2,16,nil
id,1,26,8,1,16,nil
id,4,26,8,2,16,nil
id,1,33,8,1,16,nil
id,6,33,8,2,16,nil
id,2,43,8,1,16,nil
id,6,43,8,2,16,nil
id,2,7,8,1,17,nil
id,5,7,8,2,17,nil
id,1,21,8,1,17,nil
id,7,21,8,2,17,nil
id,1,36,8,1,17,nil
id,6,36,8,2,17,nil
id,1,50,8,1,17,nil
id,6,50,8,2,17,nil
id,2,8,8,1,18,nil
id,6,8,8,2,18,nil
id,2,12,8,1,18,nil
id,6,12,8,2,18,nil
id,1,25,8,1,18,nil
id,4,25,8,2,18,nil
id,1,36,8,1,18,nil
id,6,36,8,2,18,nil
id,1,49,8,1,18,nil
id,5,49,8,2,18,nil
id,1,19,8,1,19,nil
id,5,19,8,2,19,nil
id,1,23,8,1,19,nil
id,5,23,8,2,19,nil
id,1,37,8,1,19,nil
id,4,37,8,2,19,nil
id,1,46,8,1,19,nil
id,5,46,8,2,19,nil
id,2,10,8,1,20,nil
id,6,10,8,2,20,nil
id,2,15,8,1,20,nil
id,4,15,8,2,20,nil
id,1,23,8,1,20,nil
id,3,23,8,2,20,nil
id,1,37,8,1,20,nil
id,6,37,8,2,20,nil
id,2,43,8,1,20,nil
id,4,43,8,2,20,nil
id,2,7,8,1,21,nil
id,6,7,8,2,21,nil
id,2,16,8,1,21,nil
id,4,16,8,2,21,nil
id,2,30,8,1,21,nil
id,6,30,8,2,21,nil
id,2,36,8,1,21,nil
id,6,36,8,2,21,nil
id,2,47,8,1,21,nil
id,4,47,8,2,21,nil
id,1,2,8,1,22,nil
id,5,2,8,2,22,nil
id,2,19,8,1,22,nil
id,3,19,8,2,22,nil
id,1,30,8,1,22,nil
id,6,30,8,2,22,nil
id,1,38,8,1,22,nil
id,7,38,8,2,22,nil
id,1,45,8,1,22,nil
id,6,45,8,2,22,nil
id,1,4,8,1,23,nil
id,4,4,8,2,23,nil
id,2,15,8,1,23,nil
id,5,15,8,2,23,nil
id,1,22,8,1,23,nil
id,6,22,8,2,23,nil
id,1,40,8,1,23,nil
id,4,40,8,2,23,nil
id,1,49,8,1,23,nil
id,6,49,8,2,23,nil
id,2,5,8,1,24,nil
id,7,5,8,2,24,nil
id,1,18,8,1,24,nil
id,5,18,8,2,24,nil
id,1,30,8,1,24,nil
id,5,30,8,2,24,nil
id,1,40,8,1,24,nil
id,4,40,8,2,24,nil
id,1,46,8,1,24,nil
id,5,46,8,2,24,nil
id,1,10,8,1,25,nil
id,5,10,8,2,25,nil
id,2,11,8,1,25,nil
id,6,11,8,2,25,nil
id,2,28,8,1,25,nil
id,6,28,8,2,25,nil
id,2,33,8,1,25,nil
id,6,33,8,2,25,nil
id,1,44,8,1,25,nil
id,6,44,8,2,25,nil
id,2,5,8,1,26,nil
id,6,5,8,2,26,nil
id,2,14,8,1,26,nil
id,6,14,8,2,26,nil
id,2,21,8,1,26,nil
id,6,21,8,2,26,nil
id,2,35,8,1,26,nil
id,5,35,8,2,26,nil
id,1,44,8,1,26,nil
id,7,44,8,2,26,nil
id,2,5,8,1,27,nil
id,6,5,8,2,27,nil
id,2,19,8,1,27,nil
id,6,19,8,2,27,nil
id,2,22,8,1,27,nil
id,5,22,8,2,27,nil
id,1,31,8,1,27,nil
id,5,31,8,2,27,nil
id,1,50,8,1,27,nil
id,4,50,8,2,27,nil
id,1,2,8,1,28,nil
id,4,2,8,2,28,nil
id,2,12,8,1,28,nil
id,4,12,8,2,28,nil
id,2,30,8,1,28,nil
id,4,30,8,2,28,nil
id,1,38,8,1,28,nil
id,4,38,8,2,28,nil
id,1,41,8,1,28,nil
id,4,41,8,2,28,nil
id,1,3,8,1,29,nil
id,7,3,8,2,29,nil
id,1,20,8,1,29,nil
id,5,20,8,2,29,nil
id,1,30,8,1,29,nil
id,4,30,8,2,29,nil
id,1,38,8,1,29,nil
id,7,38,8,2,29,nil
id,1,45,8,1,29,nil
id,6,45,8,2,29,nil
id,1,7,8,1,30,nil
id,4,7,8,2,30,nil
id,1,19,8,1,30,nil
id,5,19,8,2,30,nil
id,1,30,8,1,30,nil
id,5,30,8,2,30,nil
id,1,33,8,1,30,nil
id,5,33,8,2,30,nil
id,2,50,8,1,30,nil
id,4,50,8,2,30,nil
id,1,1,8,1,31,nil
id,6,1,8,2,31,nil
id,2,12,8,1,31,nil
id,4,12,8,2,31,nil
id,1,30,8,1,31,nil
id,6,30,8,2,31,nil
id,1,34,8,1,31,nil
id,5,34,8,2,31,nil
id,1,42,8,1,31,nil
id,4,42,8,2,31,nil
id,1,4,8,1,32,nil
id,5,4,8,2,32,nil
id,2,20,8,1,32,nil
id,4,20,8,2,32,nil
id,2,27,8,1,32,nil
id,4,27,8,2,32,nil
id,2,37,8,1,32,nil
id,6,37,8,2,32,nil
id,2,42,8,1,32,nil
id,5,42,8,2,32,nil
id,1,5,8,1,33,nil
id,6,5,8,2,33,nil
id,2,17,8,1,33,nil
id,6,17,8,2,33,nil
id,1,26,8,1,33,nil
id,6,26,8,2,33,nil
id,1,33,8,1,33,nil
id,6,33,8,2,33,nil
id,1,41,8,1,33,nil
id,4,41,8,2,33,nil
id,1,10,8,1,34,nil
id,6,10,8,2,34,nil
id,2,19,8,1,34,nil
id,7,19,8,2,34,nil
id,1,26,8,1,34,nil
id,7,26,8,2,34,nil
id,1,40,8,1,34,nil
id,4,40,8,2,34,nil
id,1,50,8,1,34,nil
id,4,50,8,2,34,nil
id,1,7,8,1,35,nil
id,3,7,8,2,35,nil
id,1,14,8,1,35,nil
id,4,14,8,2,35,nil
id,1,23,8,1,35,nil
id,5,23,8,2,35,nil
id,2,39,8,1,35,nil
id,5,39,8,2,35,nil
id,1,47,8,1,35,nil
id,6,47,8,2,35,nil
id,1,10,8,1,36,nil
id,6,10,8,2,36,nil
id,1,19,8,1,36,nil
id,6,19,8,2,36,nil
id,2,22,8,1,36,nil
id,5,22,8,2,36,nil
id,2,35,8,1,36,nil
id,6,35,8,2,36,nil
id,1,46,8,1,36,nil
id,6,46,8,2,36,nil
id,1,2,8,1,37,nil
id,6,2,8,2,37,nil
id,1,13,8,1,37,nil
id,4,13,8,2,37,nil
id,1,21,8,1,37,nil
id,4,21,8,2,37,nil
id,1,33,8,1,37,nil
id,4,33,8,2,37,nil
id,1,42,8,1,37,nil
id,3,42,8,2,37,nil
id,1,10,8,1,38,nil
id,4,10,8,2,38,nil
id,1,12,8,1,38,nil
id,7,12,8,2,38,nil
id,1,22,8,1,38,nil
id,6,22,8,2,38,nil
id,2,34,8,1,38,nil
id,3,34,8,2,38,nil
id,1,10,8,1,39,nil
id,4,10,8,2,39,nil
id,1,13,8,1,39,nil
id,7,13,8,2,39,nil
id,1,26,8,1,39,nil
id,7,26,8,2,39,nil
id,1,33,8,1,39,nil
id,4,33,8,2,39,nil
id,1,49,8,1,39,nil
id,5,49,8,2,39,nil
id,2,2,8,1,40,nil
id,4,2,8,2,40,nil
id,2,20,8,1,40,nil
id,4,20,8,2,40,nil
id,1,22,8,1,40,nil
id,7,22,8,2,40,nil
id,2,33,8,1,40,nil
id,4,33,8,2,40,nil
id,2,42,8,1,40,nil
id,5,42,8,2,40,nil
id,1,8,8,1,41,nil
id,5,8,8,2,41,nil
id,1,15,8,1,41,nil
id,4,15,8,2,41,nil
id,1,30,8,1,41,nil
id,5,30,8,2,41,nil
id,1,39,8,1,41,nil
id,4,39,8,2,41,nil
id,1,43,8,1,41,nil
id,6,43,8,2,41,nil
id,1,10,8,1,42,nil
id,6,10,8,2,42,nil
id,1,17,8,1,42,nil
id,4,17,8,2,42,nil
id,1,29,8,1,42,nil
id,4,29,8,2,42,nil
id,1,35,8,1,42,nil
id,6,35,8,2,42,nil
id,1,42,8,1,42,nil
id,4,42,8,2,42,nil
id,1,4,8,1,43,nil
id,4,4,8,2,43,nil
id,2,12,8,1,43,nil
id,4,12,8,2,43,nil
id,1,30,8,1,43,nil
id,6,30,8,2,43,nil
id,2,36,8,1,43,nil
id,5,36,8,2,43,nil
id,2,42,8,1,43,nil
id,4,42,8,2,43,nil
id,1,5,8,1,44,nil
id,7,5,8,2,44,nil
id,1,12,8,1,44,nil
id,5,12,8,2,44,nil
id,1,24,8,1,44,nil
id,6,24,8,2,44,nil
id,1,35,8,1,44,nil
id,7,35,8,2,44,nil
id,2,41,8,1,44,nil
id,5,41,8,2,44,nil
id,1,4,8,1,45,nil
id,7,4,8,2,45,nil
id,1,17,8,1,45,nil
id,4,17,8,2,45,nil
id,2,24,8,1,45,nil
id,4,24,8,2,45,nil
id,1,32,8,1,45,nil
id,6,32,8,2,45,nil
id,2,50,8,1,45,nil
id,4,50,8,2,45,nil
id,1,4,8,1,46,nil
id,6,4,8,2,46,nil
id,2,18,8,1,46,nil
id,6,18,8,2,46,nil
id,1,30,8,1,46,nil
id,4,30,8,2,46,nil
id,1,39,8,1,46,nil
id,5,39,8,2,46,nil
id,1,48,8,1,46,nil
id,5,48,8,2,46,nil
id,1,6,8,1,47,nil
id,5,6,8,2,47,nil
id,2,18,8,1,47,nil
id,4,18,8,2,47,nil
id,2,25,8,1,47,nil
id,5,25,8,2,47,nil
id,1,38,8,1,47,nil
id,4,38,8,2,47,nil
id,1,8,8,1,48,nil
id,5,8,8,2,48,nil
id,1,11,8,1,48,nil
id,4,11,8,2,48,nil
id,1,28,8,1,48,nil
id,3,28,8,2,48,nil
id,1,39,8,1,48,nil
id,4,39,8,2,48,nil
id,1,43,8,1,48,nil
id,5,43,8,2,48,nil
id,1,2,8,1,49,nil
id,5,2,8,2,49,nil
id,1,19,8,1,49,nil
id,6,19,8,2,49,nil
id,1,26,8,1,49,nil
id,6,26,8,2,49,nil
id,1,32,8,1,49,nil
id,5,32,8,2,49,nil
id,1,48,8,1,49,nil
id,5,48,8,2,49,nil
id,1,6,8,1,50,nil
id,5,6,8,2,50,nil
id,2,17,8,1,50,nil
id,5,17,8,2,50,nil
id,2,28,8,1,50,nil
id,4,28,8,2,50,nil
id,1,39,8,1,50,nil
id,6,39,8,2,50,nil
id,2,41,8,1,50,nil
id,5,41,8,2,50,nil
